standard_station_id,year,index,basin,waterbody,standard_station,elevation_ft_mllw,latitude,longitude,last_year_active,notes,station_name_for_dash
BL,2014,NA,South Puget Sound,Carr Inlet,Burley Lagoon,-0.5,47.39217,-122.63141,2025,NA,Burley Lagoon
BL,2015,NA,South Puget Sound,Carr Inlet,Burley Lagoon,-0.5,47.39217,-122.63141,2025,NA,Burley Lagoon
BL,2016,NA,South Puget Sound,Carr Inlet,Burley Lagoon,-0.5,47.39217,-122.63141,2025,NA,Burley Lagoon
BL,2017,NA,South Puget Sound,Carr Inlet,Burley Lagoon,-0.5,47.39217,-122.63141,2025,NA,Burley Lagoon
BL,2018,NA,South Puget Sound,Carr Inlet,Burley Lagoon,-0.5,47.39217,-122.63141,2025,NA,Burley Lagoon
BL,2019,NA,South Puget Sound,Carr Inlet,Burley Lagoon,-0.5,47.39217,-122.63141,2025,NA,Burley Lagoon
BL,2020,1.93,South Puget Sound,Carr Inlet,Burley Lagoon,-0.5,47.39217,-122.63141,2025,NA,Burley Lagoon
BL,2021,6.2,South Puget Sound,Carr Inlet,Burley Lagoon,-0.5,47.39217,-122.63141,2025,NA,Burley Lagoon
BL,2022,0.27,South Puget Sound,Carr Inlet,Burley Lagoon,-0.5,47.39217,-122.63141,2025,NA,Burley Lagoon
BL,2023,17.97,South Puget Sound,Carr Inlet,Burley Lagoon,-0.5,47.39217,-122.63141,2025,NA,Burley Lagoon
BL,2024,0.2,South Puget Sound,Carr Inlet,Burley Lagoon,-0.5,47.39217,-122.63141,2025,NA,Burley Lagoon
BL,2025,0.43,South Puget Sound,Carr Inlet,Burley Lagoon,-0.5,47.39217,-122.63141,2025,NA,Burley Lagoon
BLF,2014,NA,Hood Canal,East Arm,Belfair Sp,-0.5,47.42468,-122.87466,2025,NA,Belfair State Park
BLF,2015,8,Hood Canal,East Arm,Belfair Sp,-0.5,47.42468,-122.87466,2025,NA,Belfair State Park
BLF,2016,NA,Hood Canal,East Arm,Belfair Sp,-0.5,47.42468,-122.87466,2025,NA,Belfair State Park
BLF,2017,NA,Hood Canal,East Arm,Belfair Sp,-0.5,47.42468,-122.87466,2025,NA,Belfair State Park
BLF,2018,NA,Hood Canal,East Arm,Belfair Sp,-0.5,47.42468,-122.87466,2025,NA,Belfair State Park
BLF,2019,0,Hood Canal,East Arm,Belfair Sp,-0.5,47.42468,-122.87466,2025,NA,Belfair State Park
BLF,2020,0.2,Hood Canal,East Arm,Belfair Sp,-0.5,47.42468,-122.87466,2025,NA,Belfair State Park
BLF,2021,0.33,Hood Canal,East Arm,Belfair Sp,-0.5,47.42468,-122.87466,2025,NA,Belfair State Park
BLF,2022,0.14,Hood Canal,East Arm,Belfair Sp,-0.5,47.42468,-122.87466,2025,NA,Belfair State Park
BLF,2023,0,Hood Canal,East Arm,Belfair Sp,-0.5,47.42468,-122.87466,2025,NA,Belfair State Park
BLF,2024,0.23,Hood Canal,East Arm,Belfair Sp,-0.5,47.42468,-122.87466,2025,NA,Belfair State Park
BLF,2025,0,Hood Canal,East Arm,Belfair Sp,-0.5,47.42468,-122.87466,2025,NA,Belfair State Park
BP,2014,NA,Hood Canal,Hood Canal,Bald Point,-0.5,47.37336,-123.10895,2015,NA,Bald Point
BP,2015,1,Hood Canal,Hood Canal,Bald Point,-0.5,47.37336,-123.10895,2015,NA,Bald Point
BP,2016,NA,Hood Canal,Hood Canal,Bald Point,-0.5,47.37336,-123.10895,2015,NA,Bald Point
BP,2017,NA,Hood Canal,Hood Canal,Bald Point,-0.5,47.37336,-123.10895,2015,NA,Bald Point
BP,2018,NA,Hood Canal,Hood Canal,Bald Point,-0.5,47.37336,-123.10895,2015,NA,Bald Point
BP,2019,NA,Hood Canal,Hood Canal,Bald Point,-0.5,47.37336,-123.10895,2015,NA,Bald Point
BP,2020,NA,Hood Canal,Hood Canal,Bald Point,-0.5,47.37336,-123.10895,2015,NA,Bald Point
BP,2021,NA,Hood Canal,Hood Canal,Bald Point,-0.5,47.37336,-123.10895,2015,NA,Bald Point
BP,2022,NA,Hood Canal,Hood Canal,Bald Point,-0.5,47.37336,-123.10895,2015,NA,Bald Point
BP,2023,NA,Hood Canal,Hood Canal,Bald Point,-0.5,47.37336,-123.10895,2015,NA,Bald Point
BP,2024,NA,Hood Canal,Hood Canal,Bald Point,-0.5,47.37336,-123.10895,2015,NA,Bald Point
BP,2025,NA,Hood Canal,Hood Canal,Bald Point,-0.5,47.37336,-123.10895,2015,NA,Bald Point
BUD1,2014,NA,South Puget Sound,Budd Inlet,Budd Inlet1,-0.5,47.05762,-122.89587,2025,NA,Budd Inlet 1
BUD1,2015,NA,South Puget Sound,Budd Inlet,Budd Inlet1,-0.5,47.05762,-122.89587,2025,NA,Budd Inlet 1
BUD1,2016,1,South Puget Sound,Budd Inlet,Budd Inlet1,-0.5,47.05762,-122.89587,2025,NA,Budd Inlet 1
BUD1,2017,4.37,South Puget Sound,Budd Inlet,Budd Inlet1,-0.5,47.05762,-122.89587,2025,NA,Budd Inlet 1
BUD1,2018,2.67,South Puget Sound,Budd Inlet,Budd Inlet1,-0.5,47.05762,-122.89587,2025,NA,Budd Inlet 1
BUD1,2019,NA,South Puget Sound,Budd Inlet,Budd Inlet1,-0.5,47.05762,-122.89587,2025,NA,Budd Inlet 1
BUD1,2020,0.07,South Puget Sound,Budd Inlet,Budd Inlet1,-0.5,47.05762,-122.89587,2025,NA,Budd Inlet 1
BUD1,2021,0.07,South Puget Sound,Budd Inlet,Budd Inlet1,-0.5,47.05762,-122.89587,2025,NA,Budd Inlet 1
BUD1,2022,0,South Puget Sound,Budd Inlet,Budd Inlet1,-0.5,47.05762,-122.89587,2025,NA,Budd Inlet 1
BUD1,2023,0.03,South Puget Sound,Budd Inlet,Budd Inlet1,-0.5,47.05762,-122.89587,2025,NA,Budd Inlet 1
BUD1,2024,0.37,South Puget Sound,Budd Inlet,Budd Inlet1,-0.5,47.05762,-122.89587,2025,NA,Budd Inlet 1
BUD1,2025,0.07,South Puget Sound,Budd Inlet,Budd Inlet1,-0.5,47.05762,-122.89587,2025,NA,Budd Inlet 1
BUD2,2014,NA,South Puget Sound,Budd Inlet,Budd Inlet2,-0.5,47.05121,-122.89506,2017,NA,Budd Inlet 2
BUD2,2015,NA,South Puget Sound,Budd Inlet,Budd Inlet2,-0.5,47.05121,-122.89506,2017,NA,Budd Inlet 2
BUD2,2016,0.2,South Puget Sound,Budd Inlet,Budd Inlet2,-0.5,47.05121,-122.89506,2017,NA,Budd Inlet 2
BUD2,2017,0.23,South Puget Sound,Budd Inlet,Budd Inlet2,-0.5,47.05121,-122.89506,2017,NA,Budd Inlet 2
BUD2,2018,NA,South Puget Sound,Budd Inlet,Budd Inlet2,-0.5,47.05121,-122.89506,2017,NA,Budd Inlet 2
BUD2,2019,NA,South Puget Sound,Budd Inlet,Budd Inlet2,-0.5,47.05121,-122.89506,2017,NA,Budd Inlet 2
BUD2,2020,NA,South Puget Sound,Budd Inlet,Budd Inlet2,-0.5,47.05121,-122.89506,2017,NA,Budd Inlet 2
BUD2,2021,NA,South Puget Sound,Budd Inlet,Budd Inlet2,-0.5,47.05121,-122.89506,2017,NA,Budd Inlet 2
BUD2,2022,NA,South Puget Sound,Budd Inlet,Budd Inlet2,-0.5,47.05121,-122.89506,2017,NA,Budd Inlet 2
BUD2,2023,NA,South Puget Sound,Budd Inlet,Budd Inlet2,-0.5,47.05121,-122.89506,2017,NA,Budd Inlet 2
BUD2,2024,NA,South Puget Sound,Budd Inlet,Budd Inlet2,-0.5,47.05121,-122.89506,2017,NA,Budd Inlet 2
BUD2,2025,NA,South Puget Sound,Budd Inlet,Budd Inlet2,-0.5,47.05121,-122.89506,2017,NA,Budd Inlet 2
BUD3,2014,NA,South Puget Sound,Budd Inlet,Budd Inlet3,-0.5,47.05489,-122.89532,2017,NA,Budd Inlet 3
BUD3,2015,NA,South Puget Sound,Budd Inlet,Budd Inlet3,-0.5,47.05489,-122.89532,2017,NA,Budd Inlet 3
BUD3,2016,0.46,South Puget Sound,Budd Inlet,Budd Inlet3,-0.5,47.05489,-122.89532,2017,NA,Budd Inlet 3
BUD3,2017,1.97,South Puget Sound,Budd Inlet,Budd Inlet3,-0.5,47.05489,-122.89532,2017,NA,Budd Inlet 3
BUD3,2018,NA,South Puget Sound,Budd Inlet,Budd Inlet3,-0.5,47.05489,-122.89532,2017,NA,Budd Inlet 3
BUD3,2019,NA,South Puget Sound,Budd Inlet,Budd Inlet3,-0.5,47.05489,-122.89532,2017,NA,Budd Inlet 3
BUD3,2020,NA,South Puget Sound,Budd Inlet,Budd Inlet3,-0.5,47.05489,-122.89532,2017,NA,Budd Inlet 3
BUD3,2021,NA,South Puget Sound,Budd Inlet,Budd Inlet3,-0.5,47.05489,-122.89532,2017,NA,Budd Inlet 3
BUD3,2022,NA,South Puget Sound,Budd Inlet,Budd Inlet3,-0.5,47.05489,-122.89532,2017,NA,Budd Inlet 3
BUD3,2023,NA,South Puget Sound,Budd Inlet,Budd Inlet3,-0.5,47.05489,-122.89532,2017,NA,Budd Inlet 3
BUD3,2024,NA,South Puget Sound,Budd Inlet,Budd Inlet3,-0.5,47.05489,-122.89532,2017,NA,Budd Inlet 3
BUD3,2025,NA,South Puget Sound,Budd Inlet,Budd Inlet3,-0.5,47.05489,-122.89532,2017,NA,Budd Inlet 3
BUD4,2014,NA,South Puget Sound,Budd Inlet,Budd Inlet4,-0.5,47.05485,-122.91123,2017,NA,Budd Inlet 4
BUD4,2015,NA,South Puget Sound,Budd Inlet,Budd Inlet4,-0.5,47.05485,-122.91123,2017,NA,Budd Inlet 4
BUD4,2016,0.2,South Puget Sound,Budd Inlet,Budd Inlet4,-0.5,47.05485,-122.91123,2017,NA,Budd Inlet 4
BUD4,2017,0.5,South Puget Sound,Budd Inlet,Budd Inlet4,-0.5,47.05485,-122.91123,2017,NA,Budd Inlet 4
BUD4,2018,NA,South Puget Sound,Budd Inlet,Budd Inlet4,-0.5,47.05485,-122.91123,2017,NA,Budd Inlet 4
BUD4,2019,NA,South Puget Sound,Budd Inlet,Budd Inlet4,-0.5,47.05485,-122.91123,2017,NA,Budd Inlet 4
BUD4,2020,NA,South Puget Sound,Budd Inlet,Budd Inlet4,-0.5,47.05485,-122.91123,2017,NA,Budd Inlet 4
BUD4,2021,NA,South Puget Sound,Budd Inlet,Budd Inlet4,-0.5,47.05485,-122.91123,2017,NA,Budd Inlet 4
BUD4,2022,NA,South Puget Sound,Budd Inlet,Budd Inlet4,-0.5,47.05485,-122.91123,2017,NA,Budd Inlet 4
BUD4,2023,NA,South Puget Sound,Budd Inlet,Budd Inlet4,-0.5,47.05485,-122.91123,2017,NA,Budd Inlet 4
BUD4,2024,NA,South Puget Sound,Budd Inlet,Budd Inlet4,-0.5,47.05485,-122.91123,2017,NA,Budd Inlet 4
BUD4,2025,NA,South Puget Sound,Budd Inlet,Budd Inlet4,-0.5,47.05485,-122.91123,2017,NA,Budd Inlet 4
BUD5,2014,NA,South Puget Sound,Budd Inlet,Budd Inlet5,-0.5,47.0585,-122.91121,2017,NA,Budd Inlet 5
BUD5,2015,NA,South Puget Sound,Budd Inlet,Budd Inlet5,-0.5,47.0585,-122.91121,2017,NA,Budd Inlet 5
BUD5,2016,0.47,South Puget Sound,Budd Inlet,Budd Inlet5,-0.5,47.0585,-122.91121,2017,NA,Budd Inlet 5
BUD5,2017,0,South Puget Sound,Budd Inlet,Budd Inlet5,-0.5,47.0585,-122.91121,2017,NA,Budd Inlet 5
BUD5,2018,NA,South Puget Sound,Budd Inlet,Budd Inlet5,-0.5,47.0585,-122.91121,2017,NA,Budd Inlet 5
BUD5,2019,NA,South Puget Sound,Budd Inlet,Budd Inlet5,-0.5,47.0585,-122.91121,2017,NA,Budd Inlet 5
BUD5,2020,NA,South Puget Sound,Budd Inlet,Budd Inlet5,-0.5,47.0585,-122.91121,2017,NA,Budd Inlet 5
BUD5,2021,NA,South Puget Sound,Budd Inlet,Budd Inlet5,-0.5,47.0585,-122.91121,2017,NA,Budd Inlet 5
BUD5,2022,NA,South Puget Sound,Budd Inlet,Budd Inlet5,-0.5,47.0585,-122.91121,2017,NA,Budd Inlet 5
BUD5,2023,NA,South Puget Sound,Budd Inlet,Budd Inlet5,-0.5,47.0585,-122.91121,2017,NA,Budd Inlet 5
BUD5,2024,NA,South Puget Sound,Budd Inlet,Budd Inlet5,-0.5,47.0585,-122.91121,2017,NA,Budd Inlet 5
BUD5,2025,NA,South Puget Sound,Budd Inlet,Budd Inlet5,-0.5,47.0585,-122.91121,2017,NA,Budd Inlet 5
CB1,2014,NA,Central Puget Sound,Dyes Inlet,Chico Bay1,0,47.60658,-122.70417,2017,NA,Chico Bay 1
CB1,2015,NA,Central Puget Sound,Dyes Inlet,Chico Bay1,0,47.60658,-122.70417,2017,NA,Chico Bay 1
CB1,2016,NA,Central Puget Sound,Dyes Inlet,Chico Bay1,0,47.60658,-122.70417,2017,NA,Chico Bay 1
CB1,2017,0.3,Central Puget Sound,Dyes Inlet,Chico Bay1,0,47.60658,-122.70417,2017,NA,Chico Bay 1
CB1,2018,NA,Central Puget Sound,Dyes Inlet,Chico Bay1,0,47.60658,-122.70417,2017,NA,Chico Bay 1
CB1,2019,NA,Central Puget Sound,Dyes Inlet,Chico Bay1,0,47.60658,-122.70417,2017,NA,Chico Bay 1
CB1,2020,NA,Central Puget Sound,Dyes Inlet,Chico Bay1,0,47.60658,-122.70417,2017,NA,Chico Bay 1
CB1,2021,NA,Central Puget Sound,Dyes Inlet,Chico Bay1,0,47.60658,-122.70417,2017,NA,Chico Bay 1
CB1,2022,NA,Central Puget Sound,Dyes Inlet,Chico Bay1,0,47.60658,-122.70417,2017,NA,Chico Bay 1
CB1,2023,NA,Central Puget Sound,Dyes Inlet,Chico Bay1,0,47.60658,-122.70417,2017,NA,Chico Bay 1
CB1,2024,NA,Central Puget Sound,Dyes Inlet,Chico Bay1,0,47.60658,-122.70417,2017,NA,Chico Bay 1
CB1,2025,NA,Central Puget Sound,Dyes Inlet,Chico Bay1,0,47.60658,-122.70417,2017,NA,Chico Bay 1
CB2,2014,NA,Central Puget Sound,Dyes Inlet,Chico Bay2,-0.5,47.6082,-122.7057,2025,NA,Chico Bay 2
CB2,2015,NA,Central Puget Sound,Dyes Inlet,Chico Bay2,-0.5,47.6082,-122.7057,2025,NA,Chico Bay 2
CB2,2016,NA,Central Puget Sound,Dyes Inlet,Chico Bay2,-0.5,47.6082,-122.7057,2025,NA,Chico Bay 2
CB2,2017,2.07,Central Puget Sound,Dyes Inlet,Chico Bay2,-0.5,47.6082,-122.7057,2025,NA,Chico Bay 2
CB2,2018,1.07,Central Puget Sound,Dyes Inlet,Chico Bay2,-0.5,47.6082,-122.7057,2025,NA,Chico Bay 2
CB2,2019,0.57,Central Puget Sound,Dyes Inlet,Chico Bay2,-0.5,47.6082,-122.7057,2025,NA,Chico Bay 2
CB2,2020,0.1,Central Puget Sound,Dyes Inlet,Chico Bay2,-0.5,47.6082,-122.7057,2025,NA,Chico Bay 2
CB2,2021,0.13,Central Puget Sound,Dyes Inlet,Chico Bay2,-0.5,47.6082,-122.7057,2025,NA,Chico Bay 2
CB2,2022,0.17,Central Puget Sound,Dyes Inlet,Chico Bay2,-0.5,47.6082,-122.7057,2025,NA,Chico Bay 2
CB2,2023,0.7,Central Puget Sound,Dyes Inlet,Chico Bay2,-0.5,47.6082,-122.7057,2025,NA,Chico Bay 2
CB2,2024,0.07,Central Puget Sound,Dyes Inlet,Chico Bay2,-0.5,47.6082,-122.7057,2025,NA,Chico Bay 2
CB2,2025,0.1,Central Puget Sound,Dyes Inlet,Chico Bay2,-0.5,47.6082,-122.7057,2025,NA,Chico Bay 2
COM,2014,NA,Central Puget Sound,Commencement Bay,Chinook Landing,-0.5,47.28061,-122.39948,2025,NA,Chinook Landing
COM,2015,NA,Central Puget Sound,Commencement Bay,Chinook Landing,-0.5,47.28061,-122.39948,2025,NA,Chinook Landing
COM,2016,NA,Central Puget Sound,Commencement Bay,Chinook Landing,-0.5,47.28061,-122.39948,2025,NA,Chinook Landing
COM,2017,NA,Central Puget Sound,Commencement Bay,Chinook Landing,-0.5,47.28061,-122.39948,2025,NA,Chinook Landing
COM,2018,NA,Central Puget Sound,Commencement Bay,Chinook Landing,-0.5,47.28061,-122.39948,2025,NA,Chinook Landing
COM,2019,NA,Central Puget Sound,Commencement Bay,Chinook Landing,-0.5,47.28061,-122.39948,2025,NA,Chinook Landing
COM,2020,NA,Central Puget Sound,Commencement Bay,Chinook Landing,-0.5,47.28061,-122.39948,2025,NA,Chinook Landing
COM,2021,NA,Central Puget Sound,Commencement Bay,Chinook Landing,-0.5,47.28061,-122.39948,2025,NA,Chinook Landing
COM,2022,NA,Central Puget Sound,Commencement Bay,Chinook Landing,-0.5,47.28061,-122.39948,2025,NA,Chinook Landing
COM,2023,NA,Central Puget Sound,Commencement Bay,Chinook Landing,-0.5,47.28061,-122.39948,2025,NA,Chinook Landing
COM,2024,NA,Central Puget Sound,Commencement Bay,Chinook Landing,-0.5,47.28061,-122.39948,2025,NA,Chinook Landing
COM,2025,0,Central Puget Sound,Commencement Bay,Chinook Landing,-0.5,47.28061,-122.39948,2025,NA,Chinook Landing
DB,2014,NA,Hood Canal,Dabob Bay,Dabob Bay,-2,47.81997,-122.82464,2025,NA,Dabob Bay
DB,2015,NA,Hood Canal,Dabob Bay,Dabob Bay,-2,47.81997,-122.82464,2025,NA,Dabob Bay
DB,2016,NA,Hood Canal,Dabob Bay,Dabob Bay,-2,47.81997,-122.82464,2025,NA,Dabob Bay
DB,2017,NA,Hood Canal,Dabob Bay,Dabob Bay,-2,47.81997,-122.82464,2025,NA,Dabob Bay
DB,2018,NA,Hood Canal,Dabob Bay,Dabob Bay,-2,47.81997,-122.82464,2025,NA,Dabob Bay
DB,2019,0.1,Hood Canal,Dabob Bay,Dabob Bay,-2,47.81997,-122.82464,2025,NA,Dabob Bay
DB,2020,0,Hood Canal,Dabob Bay,Dabob Bay,-2,47.81997,-122.82464,2025,NA,Dabob Bay
DB,2021,13.8,Hood Canal,Dabob Bay,Dabob Bay,-2,47.81997,-122.82464,2025,NA,Dabob Bay
DB,2022,NA,Hood Canal,Dabob Bay,Dabob Bay,-2,47.81997,-122.82464,2025,NA,Dabob Bay
DB,2023,2.1,Hood Canal,Dabob Bay,Dabob Bay,-2,47.81997,-122.82464,2025,NA,Dabob Bay
DB,2024,0.13,Hood Canal,Dabob Bay,Dabob Bay,-2,47.81997,-122.82464,2025,NA,Dabob Bay
DB,2025,0.41,Hood Canal,Dabob Bay,Dabob Bay,-2,47.81997,-122.82464,2025,NA,Dabob Bay
DFB,2014,NA,Central Puget Sound,Liberty Bay,Dogfish Bay,-0.5,47.70089,-122.63394,2025,NA,Dogfish Bay
DFB,2015,5.38,Central Puget Sound,Liberty Bay,Dogfish Bay,-0.5,47.70089,-122.63394,2025,NA,Dogfish Bay
DFB,2016,0.21,Central Puget Sound,Liberty Bay,Dogfish Bay,-0.5,47.70089,-122.63394,2025,NA,Dogfish Bay
DFB,2017,0.43,Central Puget Sound,Liberty Bay,Dogfish Bay,-0.5,47.70089,-122.63394,2025,NA,Dogfish Bay
DFB,2018,NA,Central Puget Sound,Liberty Bay,Dogfish Bay,-0.5,47.70089,-122.63394,2025,NA,Dogfish Bay
DFB,2019,0.2,Central Puget Sound,Liberty Bay,Dogfish Bay,-0.5,47.70089,-122.63394,2025,NA,Dogfish Bay
DFB,2020,0,Central Puget Sound,Liberty Bay,Dogfish Bay,-0.5,47.70089,-122.63394,2025,NA,Dogfish Bay
DFB,2021,2.37,Central Puget Sound,Liberty Bay,Dogfish Bay,-0.5,47.70089,-122.63394,2025,NA,Dogfish Bay
DFB,2022,0,Central Puget Sound,Liberty Bay,Dogfish Bay,-0.5,47.70089,-122.63394,2025,NA,Dogfish Bay
DFB,2023,2.7,Central Puget Sound,Liberty Bay,Dogfish Bay,-0.5,47.70089,-122.63394,2025,NA,Dogfish Bay
DFB,2024,1.07,Central Puget Sound,Liberty Bay,Dogfish Bay,-0.5,47.70089,-122.63394,2025,NA,Dogfish Bay
DFB,2025,0.73,Central Puget Sound,Liberty Bay,Dogfish Bay,-0.5,47.70089,-122.63394,2025,NA,Dogfish Bay
DFC,2014,NA,Central Puget Sound,Liberty Bay,Dogfish Creek,-0.8,47.73645,-122.6513,2025,NA,Dogfish Creek
DFC,2015,3.57,Central Puget Sound,Liberty Bay,Dogfish Creek,-0.8,47.73645,-122.6513,2025,NA,Dogfish Creek
DFC,2016,0.23,Central Puget Sound,Liberty Bay,Dogfish Creek,-0.8,47.73645,-122.6513,2025,NA,Dogfish Creek
DFC,2017,0.28,Central Puget Sound,Liberty Bay,Dogfish Creek,-0.8,47.73645,-122.6513,2025,NA,Dogfish Creek
DFC,2018,0.67,Central Puget Sound,Liberty Bay,Dogfish Creek,-0.8,47.73645,-122.6513,2025,NA,Dogfish Creek
DFC,2019,0.43,Central Puget Sound,Liberty Bay,Dogfish Creek,-0.8,47.73645,-122.6513,2025,NA,Dogfish Creek
DFC,2020,0.07,Central Puget Sound,Liberty Bay,Dogfish Creek,-0.8,47.73645,-122.6513,2025,NA,Dogfish Creek
DFC,2021,1.3,Central Puget Sound,Liberty Bay,Dogfish Creek,-0.8,47.73645,-122.6513,2025,NA,Dogfish Creek
DFC,2022,0,Central Puget Sound,Liberty Bay,Dogfish Creek,-0.8,47.73645,-122.6513,2025,NA,Dogfish Creek
DFC,2023,0.37,Central Puget Sound,Liberty Bay,Dogfish Creek,-0.8,47.73645,-122.6513,2025,NA,Dogfish Creek
DFC,2024,0.67,Central Puget Sound,Liberty Bay,Dogfish Creek,-0.8,47.73645,-122.6513,2025,NA,Dogfish Creek
DFC,2025,0.7,Central Puget Sound,Liberty Bay,Dogfish Creek,-0.8,47.73645,-122.6513,2025,NA,Dogfish Creek
DH,2014,NA,North Puget Sound,Drayton Harbor,Dhoco,NA,48.98696,-122.75997,2025,NA,Drayton Harbor Oyster Co.
DH,2015,NA,North Puget Sound,Drayton Harbor,Dhoco,NA,48.98696,-122.75997,2025,NA,Drayton Harbor Oyster Co.
DH,2016,NA,North Puget Sound,Drayton Harbor,Dhoco,NA,48.98696,-122.75997,2025,NA,Drayton Harbor Oyster Co.
DH,2017,NA,North Puget Sound,Drayton Harbor,Dhoco,NA,48.98696,-122.75997,2025,NA,Drayton Harbor Oyster Co.
DH,2018,0,North Puget Sound,Drayton Harbor,Dhoco,NA,48.98696,-122.75997,2025,NA,Drayton Harbor Oyster Co.
DH,2019,1.5,North Puget Sound,Drayton Harbor,Dhoco,NA,48.98696,-122.75997,2025,NA,Drayton Harbor Oyster Co.
DH,2020,0,North Puget Sound,Drayton Harbor,Dhoco,NA,48.98696,-122.75997,2025,NA,Drayton Harbor Oyster Co.
DH,2021,0.2,North Puget Sound,Drayton Harbor,Dhoco,NA,48.98696,-122.75997,2025,NA,Drayton Harbor Oyster Co.
DH,2022,0,North Puget Sound,Drayton Harbor,Dhoco,NA,48.98696,-122.75997,2025,NA,Drayton Harbor Oyster Co.
DH,2023,0,North Puget Sound,Drayton Harbor,Dhoco,NA,48.98696,-122.75997,2025,NA,Drayton Harbor Oyster Co.
DH,2024,NA,North Puget Sound,Drayton Harbor,Dhoco,NA,48.98696,-122.75997,2025,NA,Drayton Harbor Oyster Co.
DH,2025,0,North Puget Sound,Drayton Harbor,Dhoco,NA,48.98696,-122.75997,2025,NA,Drayton Harbor Oyster Co.
DHC,2014,NA,North Puget Sound,Drayton Harbor,California Creek,5,48.96158,-122.73268,2022,"elevation unconfirmed, this is tide water at the mouth of the creek, site remains wet during low water",California Creek
DHC,2015,NA,North Puget Sound,Drayton Harbor,California Creek,5,48.96158,-122.73268,2022,"elevation unconfirmed, this is tide water at the mouth of the creek, site remains wet during low water",California Creek
DHC,2016,NA,North Puget Sound,Drayton Harbor,California Creek,5,48.96158,-122.73268,2022,"elevation unconfirmed, this is tide water at the mouth of the creek, site remains wet during low water",California Creek
DHC,2017,NA,North Puget Sound,Drayton Harbor,California Creek,5,48.96158,-122.73268,2022,"elevation unconfirmed, this is tide water at the mouth of the creek, site remains wet during low water",California Creek
DHC,2018,0,North Puget Sound,Drayton Harbor,California Creek,5,48.96158,-122.73268,2022,"elevation unconfirmed, this is tide water at the mouth of the creek, site remains wet during low water",California Creek
DHC,2019,0.03,North Puget Sound,Drayton Harbor,California Creek,5,48.96158,-122.73268,2022,"elevation unconfirmed, this is tide water at the mouth of the creek, site remains wet during low water",California Creek
DHC,2020,0,North Puget Sound,Drayton Harbor,California Creek,5,48.96158,-122.73268,2022,"elevation unconfirmed, this is tide water at the mouth of the creek, site remains wet during low water",California Creek
DHC,2021,NA,North Puget Sound,Drayton Harbor,California Creek,5,48.96158,-122.73268,2022,"elevation unconfirmed, this is tide water at the mouth of the creek, site remains wet during low water",California Creek
DHC,2022,NA,North Puget Sound,Drayton Harbor,California Creek,5,48.96158,-122.73268,2022,"elevation unconfirmed, this is tide water at the mouth of the creek, site remains wet during low water",California Creek
DHC,2023,NA,North Puget Sound,Drayton Harbor,California Creek,5,48.96158,-122.73268,2022,"elevation unconfirmed, this is tide water at the mouth of the creek, site remains wet during low water",California Creek
DHC,2024,NA,North Puget Sound,Drayton Harbor,California Creek,5,48.96158,-122.73268,2022,"elevation unconfirmed, this is tide water at the mouth of the creek, site remains wet during low water",California Creek
DHC,2025,NA,North Puget Sound,Drayton Harbor,California Creek,5,48.96158,-122.73268,2022,"elevation unconfirmed, this is tide water at the mouth of the creek, site remains wet during low water",California Creek
DSC,2014,NA,Strait of Juan de Fuca,Discovery Bay,Discovery Bay,-0.5,47.99762,-122.88252,2025,NA,Discovery Bay
DSC,2015,3.16,Strait of Juan de Fuca,Discovery Bay,Discovery Bay,-0.5,47.99762,-122.88252,2025,NA,Discovery Bay
DSC,2016,1.57,Strait of Juan de Fuca,Discovery Bay,Discovery Bay,-0.5,47.99762,-122.88252,2025,NA,Discovery Bay
DSC,2017,2.88,Strait of Juan de Fuca,Discovery Bay,Discovery Bay,-0.5,47.99762,-122.88252,2025,NA,Discovery Bay
DSC,2018,0.38,Strait of Juan de Fuca,Discovery Bay,Discovery Bay,-0.5,47.99762,-122.88252,2025,NA,Discovery Bay
DSC,2019,2.13,Strait of Juan de Fuca,Discovery Bay,Discovery Bay,-0.5,47.99762,-122.88252,2025,NA,Discovery Bay
DSC,2020,0.93,Strait of Juan de Fuca,Discovery Bay,Discovery Bay,-0.5,47.99762,-122.88252,2025,NA,Discovery Bay
DSC,2021,NA,Strait of Juan de Fuca,Discovery Bay,Discovery Bay,-0.5,47.99762,-122.88252,2025,NA,Discovery Bay
DSC,2022,1.17,Strait of Juan de Fuca,Discovery Bay,Discovery Bay,-0.5,47.99762,-122.88252,2025,NA,Discovery Bay
DSC,2023,4.28,Strait of Juan de Fuca,Discovery Bay,Discovery Bay,-0.5,47.99762,-122.88252,2025,NA,Discovery Bay
DSC,2024,13.8,Strait of Juan de Fuca,Discovery Bay,Discovery Bay,-0.5,47.99762,-122.88252,2025,NA,Discovery Bay
DSC,2025,17.22,Strait of Juan de Fuca,Discovery Bay,Discovery Bay,-0.5,47.99762,-122.88252,2025,NA,Discovery Bay
DW,2014,NA,Hood Canal,Hood Canal,Dosewallips,0,47.70193,-122.88866,2015,NA,Dosewallips
DW,2015,14.8,Hood Canal,Hood Canal,Dosewallips,0,47.70193,-122.88866,2015,NA,Dosewallips
DW,2016,NA,Hood Canal,Hood Canal,Dosewallips,0,47.70193,-122.88866,2015,NA,Dosewallips
DW,2017,NA,Hood Canal,Hood Canal,Dosewallips,0,47.70193,-122.88866,2015,NA,Dosewallips
DW,2018,NA,Hood Canal,Hood Canal,Dosewallips,0,47.70193,-122.88866,2015,NA,Dosewallips
DW,2019,NA,Hood Canal,Hood Canal,Dosewallips,0,47.70193,-122.88866,2015,NA,Dosewallips
DW,2020,NA,Hood Canal,Hood Canal,Dosewallips,0,47.70193,-122.88866,2015,NA,Dosewallips
DW,2021,NA,Hood Canal,Hood Canal,Dosewallips,0,47.70193,-122.88866,2015,NA,Dosewallips
DW,2022,NA,Hood Canal,Hood Canal,Dosewallips,0,47.70193,-122.88866,2015,NA,Dosewallips
DW,2023,NA,Hood Canal,Hood Canal,Dosewallips,0,47.70193,-122.88866,2015,NA,Dosewallips
DW,2024,NA,Hood Canal,Hood Canal,Dosewallips,0,47.70193,-122.88866,2015,NA,Dosewallips
DW,2025,NA,Hood Canal,Hood Canal,Dosewallips,0,47.70193,-122.88866,2015,NA,Dosewallips
DWT,2014,NA,Hood Canal,Dewatto Bay,Dnr 48,NA,47.45124,-123.06027,2020,NA,Dewatto
DWT,2015,NA,Hood Canal,Dewatto Bay,Dnr 48,NA,47.45124,-123.06027,2020,NA,Dewatto
DWT,2016,NA,Hood Canal,Dewatto Bay,Dnr 48,NA,47.45124,-123.06027,2020,NA,Dewatto
DWT,2017,NA,Hood Canal,Dewatto Bay,Dnr 48,NA,47.45124,-123.06027,2020,NA,Dewatto
DWT,2018,NA,Hood Canal,Dewatto Bay,Dnr 48,NA,47.45124,-123.06027,2020,NA,Dewatto
DWT,2019,0.07,Hood Canal,Dewatto Bay,Dnr 48,NA,47.45124,-123.06027,2020,NA,Dewatto
DWT,2020,0.04,Hood Canal,Dewatto Bay,Dnr 48,NA,47.45124,-123.06027,2020,NA,Dewatto
DWT,2021,NA,Hood Canal,Dewatto Bay,Dnr 48,NA,47.45124,-123.06027,2020,NA,Dewatto
DWT,2022,NA,Hood Canal,Dewatto Bay,Dnr 48,NA,47.45124,-123.06027,2020,NA,Dewatto
DWT,2023,NA,Hood Canal,Dewatto Bay,Dnr 48,NA,47.45124,-123.06027,2020,NA,Dewatto
DWT,2024,NA,Hood Canal,Dewatto Bay,Dnr 48,NA,47.45124,-123.06027,2020,NA,Dewatto
DWT,2025,NA,Hood Canal,Dewatto Bay,Dnr 48,NA,47.45124,-123.06027,2020,NA,Dewatto
FB,2014,NA,North Puget Sound,Fidalgo Bay,Trestle Mrc B,-0.5,48.47806,-122.57583,2025,NA,Trestle East
FB,2015,24,North Puget Sound,Fidalgo Bay,Trestle Mrc B,-0.5,48.47806,-122.57583,2025,NA,Trestle East
FB,2016,0.93,North Puget Sound,Fidalgo Bay,Trestle Mrc B,-0.5,48.47806,-122.57583,2025,NA,Trestle East
FB,2017,NA,North Puget Sound,Fidalgo Bay,Trestle Mrc B,-0.5,48.47806,-122.57583,2025,NA,Trestle East
FB,2018,0.07,North Puget Sound,Fidalgo Bay,Trestle Mrc B,-0.5,48.47806,-122.57583,2025,NA,Trestle East
FB,2019,1.4,North Puget Sound,Fidalgo Bay,Trestle Mrc B,-0.5,48.47806,-122.57583,2025,NA,Trestle East
FB,2020,2.43,North Puget Sound,Fidalgo Bay,Trestle Mrc B,-0.5,48.47806,-122.57583,2025,NA,Trestle East
FB,2021,30.79,North Puget Sound,Fidalgo Bay,Trestle Mrc B,-0.5,48.47806,-122.57583,2025,NA,Trestle East
FB,2022,13.67,North Puget Sound,Fidalgo Bay,Trestle Mrc B,-0.5,48.47806,-122.57583,2025,NA,Trestle East
FB,2023,NA,North Puget Sound,Fidalgo Bay,Trestle Mrc B,-0.5,48.47806,-122.57583,2025,NA,Trestle East
FB,2024,38.73,North Puget Sound,Fidalgo Bay,Trestle Mrc B,-0.5,48.47806,-122.57583,2025,NA,Trestle East
FB,2025,112.93,North Puget Sound,Fidalgo Bay,Trestle Mrc B,-0.5,48.47806,-122.57583,2025,NA,Trestle East
FBN,2014,NA,North Puget Sound,Fidalgo Bay,North Barge,0,48.4823,-122.575,2016,from Pauls notes,North Barge
FBN,2015,NA,North Puget Sound,Fidalgo Bay,North Barge,0,48.4823,-122.575,2016,from Pauls notes,North Barge
FBN,2016,7.1,North Puget Sound,Fidalgo Bay,North Barge,0,48.4823,-122.575,2016,from Pauls notes,North Barge
FBN,2017,NA,North Puget Sound,Fidalgo Bay,North Barge,0,48.4823,-122.575,2016,from Pauls notes,North Barge
FBN,2018,NA,North Puget Sound,Fidalgo Bay,North Barge,0,48.4823,-122.575,2016,from Pauls notes,North Barge
FBN,2019,NA,North Puget Sound,Fidalgo Bay,North Barge,0,48.4823,-122.575,2016,from Pauls notes,North Barge
FBN,2020,NA,North Puget Sound,Fidalgo Bay,North Barge,0,48.4823,-122.575,2016,from Pauls notes,North Barge
FBN,2021,NA,North Puget Sound,Fidalgo Bay,North Barge,0,48.4823,-122.575,2016,from Pauls notes,North Barge
FBN,2022,NA,North Puget Sound,Fidalgo Bay,North Barge,0,48.4823,-122.575,2016,from Pauls notes,North Barge
FBN,2023,NA,North Puget Sound,Fidalgo Bay,North Barge,0,48.4823,-122.575,2016,from Pauls notes,North Barge
FBN,2024,NA,North Puget Sound,Fidalgo Bay,North Barge,0,48.4823,-122.575,2016,from Pauls notes,North Barge
FBN,2025,NA,North Puget Sound,Fidalgo Bay,North Barge,0,48.4823,-122.575,2016,from Pauls notes,North Barge
FBS,2014,NA,North Puget Sound,Fidalgo Bay,Trestle Southeast,0,48.47814,-122.5768,2015,from Pauls notes,Trestle Southeast
FBS,2015,NA,North Puget Sound,Fidalgo Bay,Trestle Southeast,0,48.47814,-122.5768,2015,from Pauls notes,Trestle Southeast
FBS,2016,16.7,North Puget Sound,Fidalgo Bay,Trestle Southeast,0,48.47814,-122.5768,2015,from Pauls notes,Trestle Southeast
FBS,2017,NA,North Puget Sound,Fidalgo Bay,Trestle Southeast,0,48.47814,-122.5768,2015,from Pauls notes,Trestle Southeast
FBS,2018,NA,North Puget Sound,Fidalgo Bay,Trestle Southeast,0,48.47814,-122.5768,2015,from Pauls notes,Trestle Southeast
FBS,2019,NA,North Puget Sound,Fidalgo Bay,Trestle Southeast,0,48.47814,-122.5768,2015,from Pauls notes,Trestle Southeast
FBS,2020,NA,North Puget Sound,Fidalgo Bay,Trestle Southeast,0,48.47814,-122.5768,2015,from Pauls notes,Trestle Southeast
FBS,2021,NA,North Puget Sound,Fidalgo Bay,Trestle Southeast,0,48.47814,-122.5768,2015,from Pauls notes,Trestle Southeast
FBS,2022,NA,North Puget Sound,Fidalgo Bay,Trestle Southeast,0,48.47814,-122.5768,2015,from Pauls notes,Trestle Southeast
FBS,2023,NA,North Puget Sound,Fidalgo Bay,Trestle Southeast,0,48.47814,-122.5768,2015,from Pauls notes,Trestle Southeast
FBS,2024,NA,North Puget Sound,Fidalgo Bay,Trestle Southeast,0,48.47814,-122.5768,2015,from Pauls notes,Trestle Southeast
FBS,2025,NA,North Puget Sound,Fidalgo Bay,Trestle Southeast,0,48.47814,-122.5768,2015,from Pauls notes,Trestle Southeast
FBW,2014,NA,North Puget Sound,Fidalgo Bay,Weaverling Spit,-0.3,48.48361,-122.58861,2025,NA,Weaverling Spit
FBW,2015,NA,North Puget Sound,Fidalgo Bay,Weaverling Spit,-0.3,48.48361,-122.58861,2025,NA,Weaverling Spit
FBW,2016,NA,North Puget Sound,Fidalgo Bay,Weaverling Spit,-0.3,48.48361,-122.58861,2025,NA,Weaverling Spit
FBW,2017,NA,North Puget Sound,Fidalgo Bay,Weaverling Spit,-0.3,48.48361,-122.58861,2025,NA,Weaverling Spit
FBW,2018,NA,North Puget Sound,Fidalgo Bay,Weaverling Spit,-0.3,48.48361,-122.58861,2025,NA,Weaverling Spit
FBW,2019,0.13,North Puget Sound,Fidalgo Bay,Weaverling Spit,-0.3,48.48361,-122.58861,2025,NA,Weaverling Spit
FBW,2020,0.17,North Puget Sound,Fidalgo Bay,Weaverling Spit,-0.3,48.48361,-122.58861,2025,NA,Weaverling Spit
FBW,2021,0.87,North Puget Sound,Fidalgo Bay,Weaverling Spit,-0.3,48.48361,-122.58861,2025,NA,Weaverling Spit
FBW,2022,NA,North Puget Sound,Fidalgo Bay,Weaverling Spit,-0.3,48.48361,-122.58861,2025,NA,Weaverling Spit
FBW,2023,NA,North Puget Sound,Fidalgo Bay,Weaverling Spit,-0.3,48.48361,-122.58861,2025,NA,Weaverling Spit
FBW,2024,4.43,North Puget Sound,Fidalgo Bay,Weaverling Spit,-0.3,48.48361,-122.58861,2025,NA,Weaverling Spit
FBW,2025,8.5,North Puget Sound,Fidalgo Bay,Weaverling Spit,-0.3,48.48361,-122.58861,2025,NA,Weaverling Spit
HH,2014,NA,Hood Canal,Hood Canal,Hamahama,-0.5,47.54094,-123.03099,2015,NA,Hamahama
HH,2015,28,Hood Canal,Hood Canal,Hamahama,-0.5,47.54094,-123.03099,2015,NA,Hamahama
HH,2016,NA,Hood Canal,Hood Canal,Hamahama,-0.5,47.54094,-123.03099,2015,NA,Hamahama
HH,2017,NA,Hood Canal,Hood Canal,Hamahama,-0.5,47.54094,-123.03099,2015,NA,Hamahama
HH,2018,NA,Hood Canal,Hood Canal,Hamahama,-0.5,47.54094,-123.03099,2015,NA,Hamahama
HH,2019,NA,Hood Canal,Hood Canal,Hamahama,-0.5,47.54094,-123.03099,2015,NA,Hamahama
HH,2020,NA,Hood Canal,Hood Canal,Hamahama,-0.5,47.54094,-123.03099,2015,NA,Hamahama
HH,2021,NA,Hood Canal,Hood Canal,Hamahama,-0.5,47.54094,-123.03099,2015,NA,Hamahama
HH,2022,NA,Hood Canal,Hood Canal,Hamahama,-0.5,47.54094,-123.03099,2015,NA,Hamahama
HH,2023,NA,Hood Canal,Hood Canal,Hamahama,-0.5,47.54094,-123.03099,2015,NA,Hamahama
HH,2024,NA,Hood Canal,Hood Canal,Hamahama,-0.5,47.54094,-123.03099,2015,NA,Hamahama
HH,2025,NA,Hood Canal,Hood Canal,Hamahama,-0.5,47.54094,-123.03099,2015,NA,Hamahama
HIA,2014,NA,South Puget Sound,Henderson Inlet,Allen,NA,47.12465,-122.82974,2020,NA,Allen
HIA,2015,NA,South Puget Sound,Henderson Inlet,Allen,NA,47.12465,-122.82974,2020,NA,Allen
HIA,2016,NA,South Puget Sound,Henderson Inlet,Allen,NA,47.12465,-122.82974,2020,NA,Allen
HIA,2017,NA,South Puget Sound,Henderson Inlet,Allen,NA,47.12465,-122.82974,2020,NA,Allen
HIA,2018,NA,South Puget Sound,Henderson Inlet,Allen,NA,47.12465,-122.82974,2020,NA,Allen
HIA,2019,0.03,South Puget Sound,Henderson Inlet,Allen,NA,47.12465,-122.82974,2020,NA,Allen
HIA,2020,0,South Puget Sound,Henderson Inlet,Allen,NA,47.12465,-122.82974,2020,NA,Allen
HIA,2021,NA,South Puget Sound,Henderson Inlet,Allen,NA,47.12465,-122.82974,2020,NA,Allen
HIA,2022,NA,South Puget Sound,Henderson Inlet,Allen,NA,47.12465,-122.82974,2020,NA,Allen
HIA,2023,NA,South Puget Sound,Henderson Inlet,Allen,NA,47.12465,-122.82974,2020,NA,Allen
HIA,2024,NA,South Puget Sound,Henderson Inlet,Allen,NA,47.12465,-122.82974,2020,NA,Allen
HIA,2025,NA,South Puget Sound,Henderson Inlet,Allen,NA,47.12465,-122.82974,2020,NA,Allen
HIC,2014,NA,South Puget Sound,Henderson Inlet,Nisqually Sf,0,47.11663,-122.83224,2025,NA,Nisqually Shellfish Farm
HIC,2015,1.67,South Puget Sound,Henderson Inlet,Nisqually Sf,0,47.11663,-122.83224,2025,NA,Nisqually Shellfish Farm
HIC,2016,0.2,South Puget Sound,Henderson Inlet,Nisqually Sf,0,47.11663,-122.83224,2025,NA,Nisqually Shellfish Farm
HIC,2017,NA,South Puget Sound,Henderson Inlet,Nisqually Sf,0,47.11663,-122.83224,2025,NA,Nisqually Shellfish Farm
HIC,2018,0.07,South Puget Sound,Henderson Inlet,Nisqually Sf,0,47.11663,-122.83224,2025,NA,Nisqually Shellfish Farm
HIC,2019,0,South Puget Sound,Henderson Inlet,Nisqually Sf,0,47.11663,-122.83224,2025,NA,Nisqually Shellfish Farm
HIC,2020,0,South Puget Sound,Henderson Inlet,Nisqually Sf,0,47.11663,-122.83224,2025,NA,Nisqually Shellfish Farm
HIC,2021,0.77,South Puget Sound,Henderson Inlet,Nisqually Sf,0,47.11663,-122.83224,2025,NA,Nisqually Shellfish Farm
HIC,2022,0,South Puget Sound,Henderson Inlet,Nisqually Sf,0,47.11663,-122.83224,2025,NA,Nisqually Shellfish Farm
HIC,2023,0.11,South Puget Sound,Henderson Inlet,Nisqually Sf,0,47.11663,-122.83224,2025,NA,Nisqually Shellfish Farm
HIC,2024,0.03,South Puget Sound,Henderson Inlet,Nisqually Sf,0,47.11663,-122.83224,2025,NA,Nisqually Shellfish Farm
HIC,2025,0.07,South Puget Sound,Henderson Inlet,Nisqually Sf,0,47.11663,-122.83224,2025,NA,Nisqually Shellfish Farm
KH,2014,NA,Admiralty Inlet,Kilisut Harbor,Scowbay,NA,48.02069,-122.70001,2025,NA,Scowbay
KH,2015,NA,Admiralty Inlet,Kilisut Harbor,Scowbay,NA,48.02069,-122.70001,2025,NA,Scowbay
KH,2016,NA,Admiralty Inlet,Kilisut Harbor,Scowbay,NA,48.02069,-122.70001,2025,NA,Scowbay
KH,2017,NA,Admiralty Inlet,Kilisut Harbor,Scowbay,NA,48.02069,-122.70001,2025,NA,Scowbay
KH,2018,NA,Admiralty Inlet,Kilisut Harbor,Scowbay,NA,48.02069,-122.70001,2025,NA,Scowbay
KH,2019,NA,Admiralty Inlet,Kilisut Harbor,Scowbay,NA,48.02069,-122.70001,2025,NA,Scowbay
KH,2020,NA,Admiralty Inlet,Kilisut Harbor,Scowbay,NA,48.02069,-122.70001,2025,NA,Scowbay
KH,2021,0.4,Admiralty Inlet,Kilisut Harbor,Scowbay,NA,48.02069,-122.70001,2025,NA,Scowbay
KH,2022,0,Admiralty Inlet,Kilisut Harbor,Scowbay,NA,48.02069,-122.70001,2025,NA,Scowbay
KH,2023,1.13,Admiralty Inlet,Kilisut Harbor,Scowbay,NA,48.02069,-122.70001,2025,NA,Scowbay
KH,2024,0,Admiralty Inlet,Kilisut Harbor,Scowbay,NA,48.02069,-122.70001,2025,NA,Scowbay
KH,2025,0,Admiralty Inlet,Kilisut Harbor,Scowbay,NA,48.02069,-122.70001,2025,NA,Scowbay
KIK,2014,NA,North Puget Sound,Kiket Bay,Kiket Island,-1,48.41948,-122.5613,2021,NA,Kiket Island
KIK,2015,NA,North Puget Sound,Kiket Bay,Kiket Island,-1,48.41948,-122.5613,2021,NA,Kiket Island
KIK,2016,NA,North Puget Sound,Kiket Bay,Kiket Island,-1,48.41948,-122.5613,2021,NA,Kiket Island
KIK,2017,NA,North Puget Sound,Kiket Bay,Kiket Island,-1,48.41948,-122.5613,2021,NA,Kiket Island
KIK,2018,NA,North Puget Sound,Kiket Bay,Kiket Island,-1,48.41948,-122.5613,2021,NA,Kiket Island
KIK,2019,0,North Puget Sound,Kiket Bay,Kiket Island,-1,48.41948,-122.5613,2021,NA,Kiket Island
KIK,2020,0,North Puget Sound,Kiket Bay,Kiket Island,-1,48.41948,-122.5613,2021,NA,Kiket Island
KIK,2021,0,North Puget Sound,Kiket Bay,Kiket Island,-1,48.41948,-122.5613,2021,NA,Kiket Island
KIK,2022,NA,North Puget Sound,Kiket Bay,Kiket Island,-1,48.41948,-122.5613,2021,NA,Kiket Island
KIK,2023,NA,North Puget Sound,Kiket Bay,Kiket Island,-1,48.41948,-122.5613,2021,NA,Kiket Island
KIK,2024,NA,North Puget Sound,Kiket Bay,Kiket Island,-1,48.41948,-122.5613,2021,NA,Kiket Island
KIK,2025,NA,North Puget Sound,Kiket Bay,Kiket Island,-1,48.41948,-122.5613,2021,NA,Kiket Island
LSI,2014,NA,South Puget Sound,Totten Inlet,Little Skookum Inlet,-1.5,47.15423,-123.01801,2021,john adams,Little Skookum
LSI,2015,NA,South Puget Sound,Totten Inlet,Little Skookum Inlet,-1.5,47.15423,-123.01801,2021,john adams,Little Skookum
LSI,2016,NA,South Puget Sound,Totten Inlet,Little Skookum Inlet,-1.5,47.15423,-123.01801,2021,john adams,Little Skookum
LSI,2017,NA,South Puget Sound,Totten Inlet,Little Skookum Inlet,-1.5,47.15423,-123.01801,2021,john adams,Little Skookum
LSI,2018,NA,South Puget Sound,Totten Inlet,Little Skookum Inlet,-1.5,47.15423,-123.01801,2021,john adams,Little Skookum
LSI,2019,0,South Puget Sound,Totten Inlet,Little Skookum Inlet,-1.5,47.15423,-123.01801,2021,john adams,Little Skookum
LSI,2020,NA,South Puget Sound,Totten Inlet,Little Skookum Inlet,-1.5,47.15423,-123.01801,2021,john adams,Little Skookum
LSI,2021,NA,South Puget Sound,Totten Inlet,Little Skookum Inlet,-1.5,47.15423,-123.01801,2021,john adams,Little Skookum
LSI,2022,NA,South Puget Sound,Totten Inlet,Little Skookum Inlet,-1.5,47.15423,-123.01801,2021,john adams,Little Skookum
LSI,2023,NA,South Puget Sound,Totten Inlet,Little Skookum Inlet,-1.5,47.15423,-123.01801,2021,john adams,Little Skookum
LSI,2024,NA,South Puget Sound,Totten Inlet,Little Skookum Inlet,-1.5,47.15423,-123.01801,2021,john adams,Little Skookum
LSI,2025,NA,South Puget Sound,Totten Inlet,Little Skookum Inlet,-1.5,47.15423,-123.01801,2021,john adams,Little Skookum
MB,2014,NA,South Puget Sound,Carr Inlet,Minterbrook,-0.5,47.35488,-122.69149,2025,NA,Minterbrook
MB,2015,3.23,South Puget Sound,Carr Inlet,Minterbrook,-0.5,47.35488,-122.69149,2025,NA,Minterbrook
MB,2016,0,South Puget Sound,Carr Inlet,Minterbrook,-0.5,47.35488,-122.69149,2025,NA,Minterbrook
MB,2017,NA,South Puget Sound,Carr Inlet,Minterbrook,-0.5,47.35488,-122.69149,2025,NA,Minterbrook
MB,2018,NA,South Puget Sound,Carr Inlet,Minterbrook,-0.5,47.35488,-122.69149,2025,NA,Minterbrook
MB,2019,0,South Puget Sound,Carr Inlet,Minterbrook,-0.5,47.35488,-122.69149,2025,NA,Minterbrook
MB,2020,1,South Puget Sound,Carr Inlet,Minterbrook,-0.5,47.35488,-122.69149,2025,NA,Minterbrook
MB,2021,0.23,South Puget Sound,Carr Inlet,Minterbrook,-0.5,47.35488,-122.69149,2025,NA,Minterbrook
MB,2022,0,South Puget Sound,Carr Inlet,Minterbrook,-0.5,47.35488,-122.69149,2025,NA,Minterbrook
MB,2023,1.61,South Puget Sound,Carr Inlet,Minterbrook,-0.5,47.35488,-122.69149,2025,NA,Minterbrook
MB,2024,0,South Puget Sound,Carr Inlet,Minterbrook,-0.5,47.35488,-122.69149,2025,NA,Minterbrook
MB,2025,0.03,South Puget Sound,Carr Inlet,Minterbrook,-0.5,47.35488,-122.69149,2025,NA,Minterbrook
MH,2014,NA,South Puget Sound,Carr Inlet,Maple Hollow,-1,47.29928,-122.74547,2025,NA,Maple Hollow
MH,2015,NA,South Puget Sound,Carr Inlet,Maple Hollow,-1,47.29928,-122.74547,2025,NA,Maple Hollow
MH,2016,NA,South Puget Sound,Carr Inlet,Maple Hollow,-1,47.29928,-122.74547,2025,NA,Maple Hollow
MH,2017,NA,South Puget Sound,Carr Inlet,Maple Hollow,-1,47.29928,-122.74547,2025,NA,Maple Hollow
MH,2018,NA,South Puget Sound,Carr Inlet,Maple Hollow,-1,47.29928,-122.74547,2025,NA,Maple Hollow
MH,2019,NA,South Puget Sound,Carr Inlet,Maple Hollow,-1,47.29928,-122.74547,2025,NA,Maple Hollow
MH,2020,0,South Puget Sound,Carr Inlet,Maple Hollow,-1,47.29928,-122.74547,2025,NA,Maple Hollow
MH,2021,NA,South Puget Sound,Carr Inlet,Maple Hollow,-1,47.29928,-122.74547,2025,NA,Maple Hollow
MH,2022,NA,South Puget Sound,Carr Inlet,Maple Hollow,-1,47.29928,-122.74547,2025,NA,Maple Hollow
MH,2023,NA,South Puget Sound,Carr Inlet,Maple Hollow,-1,47.29928,-122.74547,2025,NA,Maple Hollow
MH,2024,0,South Puget Sound,Carr Inlet,Maple Hollow,-1,47.29928,-122.74547,2025,NA,Maple Hollow
MH,2025,0,South Puget Sound,Carr Inlet,Maple Hollow,-1,47.29928,-122.74547,2025,NA,Maple Hollow
MIL1,2014,NA,Central Puget Sound,Miller Bay,Clam Island,NA,47.74916,-122.55541,2024,discontinued,Clam Island
MIL1,2015,NA,Central Puget Sound,Miller Bay,Clam Island,NA,47.74916,-122.55541,2024,discontinued,Clam Island
MIL1,2016,NA,Central Puget Sound,Miller Bay,Clam Island,NA,47.74916,-122.55541,2024,discontinued,Clam Island
MIL1,2017,NA,Central Puget Sound,Miller Bay,Clam Island,NA,47.74916,-122.55541,2024,discontinued,Clam Island
MIL1,2018,NA,Central Puget Sound,Miller Bay,Clam Island,NA,47.74916,-122.55541,2024,discontinued,Clam Island
MIL1,2019,NA,Central Puget Sound,Miller Bay,Clam Island,NA,47.74916,-122.55541,2024,discontinued,Clam Island
MIL1,2020,NA,Central Puget Sound,Miller Bay,Clam Island,NA,47.74916,-122.55541,2024,discontinued,Clam Island
MIL1,2021,0.06,Central Puget Sound,Miller Bay,Clam Island,NA,47.74916,-122.55541,2024,discontinued,Clam Island
MIL1,2022,NA,Central Puget Sound,Miller Bay,Clam Island,NA,47.74916,-122.55541,2024,discontinued,Clam Island
MIL1,2023,0,Central Puget Sound,Miller Bay,Clam Island,NA,47.74916,-122.55541,2024,discontinued,Clam Island
MIL1,2024,0,Central Puget Sound,Miller Bay,Clam Island,NA,47.74916,-122.55541,2024,discontinued,Clam Island
MIL1,2025,NA,Central Puget Sound,Miller Bay,Clam Island,NA,47.74916,-122.55541,2024,discontinued,Clam Island
MIL2,2014,NA,Central Puget Sound,Miller Bay,Grovers Creek,NA,47.75617,-122.55428,2025,NA,Grovers Creek
MIL2,2015,NA,Central Puget Sound,Miller Bay,Grovers Creek,NA,47.75617,-122.55428,2025,NA,Grovers Creek
MIL2,2016,NA,Central Puget Sound,Miller Bay,Grovers Creek,NA,47.75617,-122.55428,2025,NA,Grovers Creek
MIL2,2017,NA,Central Puget Sound,Miller Bay,Grovers Creek,NA,47.75617,-122.55428,2025,NA,Grovers Creek
MIL2,2018,NA,Central Puget Sound,Miller Bay,Grovers Creek,NA,47.75617,-122.55428,2025,NA,Grovers Creek
MIL2,2019,NA,Central Puget Sound,Miller Bay,Grovers Creek,NA,47.75617,-122.55428,2025,NA,Grovers Creek
MIL2,2020,NA,Central Puget Sound,Miller Bay,Grovers Creek,NA,47.75617,-122.55428,2025,NA,Grovers Creek
MIL2,2021,0.13,Central Puget Sound,Miller Bay,Grovers Creek,NA,47.75617,-122.55428,2025,NA,Grovers Creek
MIL2,2022,0,Central Puget Sound,Miller Bay,Grovers Creek,NA,47.75617,-122.55428,2025,NA,Grovers Creek
MIL2,2023,0.03,Central Puget Sound,Miller Bay,Grovers Creek,NA,47.75617,-122.55428,2025,NA,Grovers Creek
MIL2,2024,0.3,Central Puget Sound,Miller Bay,Grovers Creek,NA,47.75617,-122.55428,2025,NA,Grovers Creek
MIL2,2025,0.03,Central Puget Sound,Miller Bay,Grovers Creek,NA,47.75617,-122.55428,2025,NA,Grovers Creek
MUD1,2014,NA,Central Puget Sound,Dyes Inlet,Mud Bay1,-1.5,47.5929,-122.67273,2025,NA,Mud Bay 1
MUD1,2015,20.36,Central Puget Sound,Dyes Inlet,Mud Bay1,-1.5,47.5929,-122.67273,2025,NA,Mud Bay 1
MUD1,2016,0.2,Central Puget Sound,Dyes Inlet,Mud Bay1,-1.5,47.5929,-122.67273,2025,NA,Mud Bay 1
MUD1,2017,NA,Central Puget Sound,Dyes Inlet,Mud Bay1,-1.5,47.5929,-122.67273,2025,NA,Mud Bay 1
MUD1,2018,0.57,Central Puget Sound,Dyes Inlet,Mud Bay1,-1.5,47.5929,-122.67273,2025,NA,Mud Bay 1
MUD1,2019,2.33,Central Puget Sound,Dyes Inlet,Mud Bay1,-1.5,47.5929,-122.67273,2025,NA,Mud Bay 1
MUD1,2020,0,Central Puget Sound,Dyes Inlet,Mud Bay1,-1.5,47.5929,-122.67273,2025,NA,Mud Bay 1
MUD1,2021,0.17,Central Puget Sound,Dyes Inlet,Mud Bay1,-1.5,47.5929,-122.67273,2025,NA,Mud Bay 1
MUD1,2022,0.14,Central Puget Sound,Dyes Inlet,Mud Bay1,-1.5,47.5929,-122.67273,2025,NA,Mud Bay 1
MUD1,2023,0.13,Central Puget Sound,Dyes Inlet,Mud Bay1,-1.5,47.5929,-122.67273,2025,NA,Mud Bay 1
MUD1,2024,0,Central Puget Sound,Dyes Inlet,Mud Bay1,-1.5,47.5929,-122.67273,2025,NA,Mud Bay 1
MUD1,2025,0.07,Central Puget Sound,Dyes Inlet,Mud Bay1,-1.5,47.5929,-122.67273,2025,NA,Mud Bay 1
MUD2,2014,4.73,Central Puget Sound,Dyes Inlet,Mud Bay2,0,47.59234,-122.67276,2014,NA,Mud Bay 2
MUD2,2015,NA,Central Puget Sound,Dyes Inlet,Mud Bay2,0,47.59234,-122.67276,2014,NA,Mud Bay 2
MUD2,2016,NA,Central Puget Sound,Dyes Inlet,Mud Bay2,0,47.59234,-122.67276,2014,NA,Mud Bay 2
MUD2,2017,NA,Central Puget Sound,Dyes Inlet,Mud Bay2,0,47.59234,-122.67276,2014,NA,Mud Bay 2
MUD2,2018,NA,Central Puget Sound,Dyes Inlet,Mud Bay2,0,47.59234,-122.67276,2014,NA,Mud Bay 2
MUD2,2019,NA,Central Puget Sound,Dyes Inlet,Mud Bay2,0,47.59234,-122.67276,2014,NA,Mud Bay 2
MUD2,2020,NA,Central Puget Sound,Dyes Inlet,Mud Bay2,0,47.59234,-122.67276,2014,NA,Mud Bay 2
MUD2,2021,NA,Central Puget Sound,Dyes Inlet,Mud Bay2,0,47.59234,-122.67276,2014,NA,Mud Bay 2
MUD2,2022,NA,Central Puget Sound,Dyes Inlet,Mud Bay2,0,47.59234,-122.67276,2014,NA,Mud Bay 2
MUD2,2023,NA,Central Puget Sound,Dyes Inlet,Mud Bay2,0,47.59234,-122.67276,2014,NA,Mud Bay 2
MUD2,2024,NA,Central Puget Sound,Dyes Inlet,Mud Bay2,0,47.59234,-122.67276,2014,NA,Mud Bay 2
MUD2,2025,NA,Central Puget Sound,Dyes Inlet,Mud Bay2,0,47.59234,-122.67276,2014,NA,Mud Bay 2
MUD3,2014,7.41,Central Puget Sound,Dyes Inlet,Mud Bay3,3,47.5899,-122.67331,2014,NA,Mud Bay 3
MUD3,2015,NA,Central Puget Sound,Dyes Inlet,Mud Bay3,3,47.5899,-122.67331,2014,NA,Mud Bay 3
MUD3,2016,NA,Central Puget Sound,Dyes Inlet,Mud Bay3,3,47.5899,-122.67331,2014,NA,Mud Bay 3
MUD3,2017,NA,Central Puget Sound,Dyes Inlet,Mud Bay3,3,47.5899,-122.67331,2014,NA,Mud Bay 3
MUD3,2018,NA,Central Puget Sound,Dyes Inlet,Mud Bay3,3,47.5899,-122.67331,2014,NA,Mud Bay 3
MUD3,2019,NA,Central Puget Sound,Dyes Inlet,Mud Bay3,3,47.5899,-122.67331,2014,NA,Mud Bay 3
MUD3,2020,NA,Central Puget Sound,Dyes Inlet,Mud Bay3,3,47.5899,-122.67331,2014,NA,Mud Bay 3
MUD3,2021,NA,Central Puget Sound,Dyes Inlet,Mud Bay3,3,47.5899,-122.67331,2014,NA,Mud Bay 3
MUD3,2022,NA,Central Puget Sound,Dyes Inlet,Mud Bay3,3,47.5899,-122.67331,2014,NA,Mud Bay 3
MUD3,2023,NA,Central Puget Sound,Dyes Inlet,Mud Bay3,3,47.5899,-122.67331,2014,NA,Mud Bay 3
MUD3,2024,NA,Central Puget Sound,Dyes Inlet,Mud Bay3,3,47.5899,-122.67331,2014,NA,Mud Bay 3
MUD3,2025,NA,Central Puget Sound,Dyes Inlet,Mud Bay3,3,47.5899,-122.67331,2014,NA,Mud Bay 3
MYS,2014,NA,Admiralty Inlet,Kilisut Harbor,Mystery Bay,NA,48.05898,-122.69688,2023,NA,Mystery Bay
MYS,2015,NA,Admiralty Inlet,Kilisut Harbor,Mystery Bay,NA,48.05898,-122.69688,2023,NA,Mystery Bay
MYS,2016,NA,Admiralty Inlet,Kilisut Harbor,Mystery Bay,NA,48.05898,-122.69688,2023,NA,Mystery Bay
MYS,2017,NA,Admiralty Inlet,Kilisut Harbor,Mystery Bay,NA,48.05898,-122.69688,2023,NA,Mystery Bay
MYS,2018,NA,Admiralty Inlet,Kilisut Harbor,Mystery Bay,NA,48.05898,-122.69688,2023,NA,Mystery Bay
MYS,2019,NA,Admiralty Inlet,Kilisut Harbor,Mystery Bay,NA,48.05898,-122.69688,2023,NA,Mystery Bay
MYS,2020,0,Admiralty Inlet,Kilisut Harbor,Mystery Bay,NA,48.05898,-122.69688,2023,NA,Mystery Bay
MYS,2021,NA,Admiralty Inlet,Kilisut Harbor,Mystery Bay,NA,48.05898,-122.69688,2023,NA,Mystery Bay
MYS,2022,0.04,Admiralty Inlet,Kilisut Harbor,Mystery Bay,NA,48.05898,-122.69688,2023,NA,Mystery Bay
MYS,2023,0,Admiralty Inlet,Kilisut Harbor,Mystery Bay,NA,48.05898,-122.69688,2023,NA,Mystery Bay
MYS,2024,NA,Admiralty Inlet,Kilisut Harbor,Mystery Bay,NA,48.05898,-122.69688,2023,NA,Mystery Bay
MYS,2025,NA,Admiralty Inlet,Kilisut Harbor,Mystery Bay,NA,48.05898,-122.69688,2023,NA,Mystery Bay
NB1,2014,NA,South Puget Sound,Case Inlet,Sargeants Dike North Bay,-1,47.39262,-122.82135,2016,NA,Sargeants Dike
NB1,2015,13.07,South Puget Sound,Case Inlet,Sargeants Dike North Bay,-1,47.39262,-122.82135,2016,NA,Sargeants Dike
NB1,2016,0.1,South Puget Sound,Case Inlet,Sargeants Dike North Bay,-1,47.39262,-122.82135,2016,NA,Sargeants Dike
NB1,2017,NA,South Puget Sound,Case Inlet,Sargeants Dike North Bay,-1,47.39262,-122.82135,2016,NA,Sargeants Dike
NB1,2018,NA,South Puget Sound,Case Inlet,Sargeants Dike North Bay,-1,47.39262,-122.82135,2016,NA,Sargeants Dike
NB1,2019,NA,South Puget Sound,Case Inlet,Sargeants Dike North Bay,-1,47.39262,-122.82135,2016,NA,Sargeants Dike
NB1,2020,NA,South Puget Sound,Case Inlet,Sargeants Dike North Bay,-1,47.39262,-122.82135,2016,NA,Sargeants Dike
NB1,2021,NA,South Puget Sound,Case Inlet,Sargeants Dike North Bay,-1,47.39262,-122.82135,2016,NA,Sargeants Dike
NB1,2022,NA,South Puget Sound,Case Inlet,Sargeants Dike North Bay,-1,47.39262,-122.82135,2016,NA,Sargeants Dike
NB1,2023,NA,South Puget Sound,Case Inlet,Sargeants Dike North Bay,-1,47.39262,-122.82135,2016,NA,Sargeants Dike
NB1,2024,NA,South Puget Sound,Case Inlet,Sargeants Dike North Bay,-1,47.39262,-122.82135,2016,NA,Sargeants Dike
NB1,2025,NA,South Puget Sound,Case Inlet,Sargeants Dike North Bay,-1,47.39262,-122.82135,2016,NA,Sargeants Dike
NB2,2014,NA,South Puget Sound,Case Inlet,Victor North Bay,-0.5,47.39314,-122.81554,2020,NA,Point Victor
NB2,2015,NA,South Puget Sound,Case Inlet,Victor North Bay,-0.5,47.39314,-122.81554,2020,NA,Point Victor
NB2,2016,0,South Puget Sound,Case Inlet,Victor North Bay,-0.5,47.39314,-122.81554,2020,NA,Point Victor
NB2,2017,NA,South Puget Sound,Case Inlet,Victor North Bay,-0.5,47.39314,-122.81554,2020,NA,Point Victor
NB2,2018,NA,South Puget Sound,Case Inlet,Victor North Bay,-0.5,47.39314,-122.81554,2020,NA,Point Victor
NB2,2019,0,South Puget Sound,Case Inlet,Victor North Bay,-0.5,47.39314,-122.81554,2020,NA,Point Victor
NB2,2020,0,South Puget Sound,Case Inlet,Victor North Bay,-0.5,47.39314,-122.81554,2020,NA,Point Victor
NB2,2021,NA,South Puget Sound,Case Inlet,Victor North Bay,-0.5,47.39314,-122.81554,2020,NA,Point Victor
NB2,2022,NA,South Puget Sound,Case Inlet,Victor North Bay,-0.5,47.39314,-122.81554,2020,NA,Point Victor
NB2,2023,NA,South Puget Sound,Case Inlet,Victor North Bay,-0.5,47.39314,-122.81554,2020,NA,Point Victor
NB2,2024,NA,South Puget Sound,Case Inlet,Victor North Bay,-0.5,47.39314,-122.81554,2020,NA,Point Victor
NB2,2025,NA,South Puget Sound,Case Inlet,Victor North Bay,-0.5,47.39314,-122.81554,2020,NA,Point Victor
NB3,2014,NA,South Puget Sound,Case Inlet,Sherwoodcreek North Bay,-0.5,47.37562,-122.82729,2025,NA,Sheerwood Creek
NB3,2015,NA,South Puget Sound,Case Inlet,Sherwoodcreek North Bay,-0.5,47.37562,-122.82729,2025,NA,Sheerwood Creek
NB3,2016,0,South Puget Sound,Case Inlet,Sherwoodcreek North Bay,-0.5,47.37562,-122.82729,2025,NA,Sheerwood Creek
NB3,2017,0.5,South Puget Sound,Case Inlet,Sherwoodcreek North Bay,-0.5,47.37562,-122.82729,2025,NA,Sheerwood Creek
NB3,2018,1.5,South Puget Sound,Case Inlet,Sherwoodcreek North Bay,-0.5,47.37562,-122.82729,2025,NA,Sheerwood Creek
NB3,2019,0.03,South Puget Sound,Case Inlet,Sherwoodcreek North Bay,-0.5,47.37562,-122.82729,2025,NA,Sheerwood Creek
NB3,2020,1.27,South Puget Sound,Case Inlet,Sherwoodcreek North Bay,-0.5,47.37562,-122.82729,2025,NA,Sheerwood Creek
NB3,2021,0.17,South Puget Sound,Case Inlet,Sherwoodcreek North Bay,-0.5,47.37562,-122.82729,2025,NA,Sheerwood Creek
NB3,2022,0,South Puget Sound,Case Inlet,Sherwoodcreek North Bay,-0.5,47.37562,-122.82729,2025,NA,Sheerwood Creek
NB3,2023,0.03,South Puget Sound,Case Inlet,Sherwoodcreek North Bay,-0.5,47.37562,-122.82729,2025,NA,Sheerwood Creek
NB3,2024,0.27,South Puget Sound,Case Inlet,Sherwoodcreek North Bay,-0.5,47.37562,-122.82729,2025,NA,Sheerwood Creek
NB3,2025,0.31,South Puget Sound,Case Inlet,Sherwoodcreek North Bay,-0.5,47.37562,-122.82729,2025,NA,Sheerwood Creek
NGS,2014,NA,Admiralty Inlet,Kilisut Harbor,Nordland Generalstore,-0.2,48.05087,-122.6919,2025,NA,Nordland
NGS,2015,NA,Admiralty Inlet,Kilisut Harbor,Nordland Generalstore,-0.2,48.05087,-122.6919,2025,NA,Nordland
NGS,2016,NA,Admiralty Inlet,Kilisut Harbor,Nordland Generalstore,-0.2,48.05087,-122.6919,2025,NA,Nordland
NGS,2017,NA,Admiralty Inlet,Kilisut Harbor,Nordland Generalstore,-0.2,48.05087,-122.6919,2025,NA,Nordland
NGS,2018,NA,Admiralty Inlet,Kilisut Harbor,Nordland Generalstore,-0.2,48.05087,-122.6919,2025,NA,Nordland
NGS,2019,NA,Admiralty Inlet,Kilisut Harbor,Nordland Generalstore,-0.2,48.05087,-122.6919,2025,NA,Nordland
NGS,2020,NA,Admiralty Inlet,Kilisut Harbor,Nordland Generalstore,-0.2,48.05087,-122.6919,2025,NA,Nordland
NGS,2021,NA,Admiralty Inlet,Kilisut Harbor,Nordland Generalstore,-0.2,48.05087,-122.6919,2025,NA,Nordland
NGS,2022,NA,Admiralty Inlet,Kilisut Harbor,Nordland Generalstore,-0.2,48.05087,-122.6919,2025,NA,Nordland
NGS,2023,NA,Admiralty Inlet,Kilisut Harbor,Nordland Generalstore,-0.2,48.05087,-122.6919,2025,NA,Nordland
NGS,2024,0,Admiralty Inlet,Kilisut Harbor,Nordland Generalstore,-0.2,48.05087,-122.6919,2025,NA,Nordland
NGS,2025,0,Admiralty Inlet,Kilisut Harbor,Nordland Generalstore,-0.2,48.05087,-122.6919,2025,NA,Nordland
NKIK,2014,NA,North Puget Sound,Similk Bay,North Of Kiket,-1,48.42204,-122.55923,2025,NA,Kiket Island North
NKIK,2015,NA,North Puget Sound,Similk Bay,North Of Kiket,-1,48.42204,-122.55923,2025,NA,Kiket Island North
NKIK,2016,NA,North Puget Sound,Similk Bay,North Of Kiket,-1,48.42204,-122.55923,2025,NA,Kiket Island North
NKIK,2017,NA,North Puget Sound,Similk Bay,North Of Kiket,-1,48.42204,-122.55923,2025,NA,Kiket Island North
NKIK,2018,NA,North Puget Sound,Similk Bay,North Of Kiket,-1,48.42204,-122.55923,2025,NA,Kiket Island North
NKIK,2019,NA,North Puget Sound,Similk Bay,North Of Kiket,-1,48.42204,-122.55923,2025,NA,Kiket Island North
NKIK,2020,NA,North Puget Sound,Similk Bay,North Of Kiket,-1,48.42204,-122.55923,2025,NA,Kiket Island North
NKIK,2021,0,North Puget Sound,Similk Bay,North Of Kiket,-1,48.42204,-122.55923,2025,NA,Kiket Island North
NKIK,2022,0,North Puget Sound,Similk Bay,North Of Kiket,-1,48.42204,-122.55923,2025,NA,Kiket Island North
NKIK,2023,0,North Puget Sound,Similk Bay,North Of Kiket,-1,48.42204,-122.55923,2025,NA,Kiket Island North
NKIK,2024,0,North Puget Sound,Similk Bay,North Of Kiket,-1,48.42204,-122.55923,2025,NA,Kiket Island North
NKIK,2025,0,North Puget Sound,Similk Bay,North Of Kiket,-1,48.42204,-122.55923,2025,NA,Kiket Island North
NMS,2014,NA,North Puget Sound,Fidalgo Bay,North Middle Shellplot,-1,48.48673,-122.577,2016,from Pauls notes,North Middle Shellplot
NMS,2015,NA,North Puget Sound,Fidalgo Bay,North Middle Shellplot,-1,48.48673,-122.577,2016,from Pauls notes,North Middle Shellplot
NMS,2016,3.3,North Puget Sound,Fidalgo Bay,North Middle Shellplot,-1,48.48673,-122.577,2016,from Pauls notes,North Middle Shellplot
NMS,2017,NA,North Puget Sound,Fidalgo Bay,North Middle Shellplot,-1,48.48673,-122.577,2016,from Pauls notes,North Middle Shellplot
NMS,2018,NA,North Puget Sound,Fidalgo Bay,North Middle Shellplot,-1,48.48673,-122.577,2016,from Pauls notes,North Middle Shellplot
NMS,2019,NA,North Puget Sound,Fidalgo Bay,North Middle Shellplot,-1,48.48673,-122.577,2016,from Pauls notes,North Middle Shellplot
NMS,2020,NA,North Puget Sound,Fidalgo Bay,North Middle Shellplot,-1,48.48673,-122.577,2016,from Pauls notes,North Middle Shellplot
NMS,2021,NA,North Puget Sound,Fidalgo Bay,North Middle Shellplot,-1,48.48673,-122.577,2016,from Pauls notes,North Middle Shellplot
NMS,2022,NA,North Puget Sound,Fidalgo Bay,North Middle Shellplot,-1,48.48673,-122.577,2016,from Pauls notes,North Middle Shellplot
NMS,2023,NA,North Puget Sound,Fidalgo Bay,North Middle Shellplot,-1,48.48673,-122.577,2016,from Pauls notes,North Middle Shellplot
NMS,2024,NA,North Puget Sound,Fidalgo Bay,North Middle Shellplot,-1,48.48673,-122.577,2016,from Pauls notes,North Middle Shellplot
NMS,2025,NA,North Puget Sound,Fidalgo Bay,North Middle Shellplot,-1,48.48673,-122.577,2016,from Pauls notes,North Middle Shellplot
NS,2014,NA,North Puget Sound,Fidalgo Bay,North Shellplot,-0.5,48.48673,-122.5774,2016,from Pauls notes,North Shellplot
NS,2015,NA,North Puget Sound,Fidalgo Bay,North Shellplot,-0.5,48.48673,-122.5774,2016,from Pauls notes,North Shellplot
NS,2016,6.2,North Puget Sound,Fidalgo Bay,North Shellplot,-0.5,48.48673,-122.5774,2016,from Pauls notes,North Shellplot
NS,2017,NA,North Puget Sound,Fidalgo Bay,North Shellplot,-0.5,48.48673,-122.5774,2016,from Pauls notes,North Shellplot
NS,2018,NA,North Puget Sound,Fidalgo Bay,North Shellplot,-0.5,48.48673,-122.5774,2016,from Pauls notes,North Shellplot
NS,2019,NA,North Puget Sound,Fidalgo Bay,North Shellplot,-0.5,48.48673,-122.5774,2016,from Pauls notes,North Shellplot
NS,2020,NA,North Puget Sound,Fidalgo Bay,North Shellplot,-0.5,48.48673,-122.5774,2016,from Pauls notes,North Shellplot
NS,2021,NA,North Puget Sound,Fidalgo Bay,North Shellplot,-0.5,48.48673,-122.5774,2016,from Pauls notes,North Shellplot
NS,2022,NA,North Puget Sound,Fidalgo Bay,North Shellplot,-0.5,48.48673,-122.5774,2016,from Pauls notes,North Shellplot
NS,2023,NA,North Puget Sound,Fidalgo Bay,North Shellplot,-0.5,48.48673,-122.5774,2016,from Pauls notes,North Shellplot
NS,2024,NA,North Puget Sound,Fidalgo Bay,North Shellplot,-0.5,48.48673,-122.5774,2016,from Pauls notes,North Shellplot
NS,2025,NA,North Puget Sound,Fidalgo Bay,North Shellplot,-0.5,48.48673,-122.5774,2016,from Pauls notes,North Shellplot
OAK,2014,NA,South Puget Sound,Oakland Bay,Ogg Property,3,47.24564,-123.03609,2025,NA,Bayshore North
OAK,2015,0.47,South Puget Sound,Oakland Bay,Ogg Property,3,47.24564,-123.03609,2025,NA,Bayshore North
OAK,2016,0,South Puget Sound,Oakland Bay,Ogg Property,3,47.24564,-123.03609,2025,NA,Bayshore North
OAK,2017,0.29,South Puget Sound,Oakland Bay,Ogg Property,3,47.24564,-123.03609,2025,NA,Bayshore North
OAK,2018,0.05,South Puget Sound,Oakland Bay,Ogg Property,3,47.24564,-123.03609,2025,NA,Bayshore North
OAK,2019,0.07,South Puget Sound,Oakland Bay,Ogg Property,3,47.24564,-123.03609,2025,NA,Bayshore North
OAK,2020,0,South Puget Sound,Oakland Bay,Ogg Property,3,47.24564,-123.03609,2025,NA,Bayshore North
OAK,2021,0.27,South Puget Sound,Oakland Bay,Ogg Property,3,47.24564,-123.03609,2025,NA,Bayshore North
OAK,2022,0.03,South Puget Sound,Oakland Bay,Ogg Property,3,47.24564,-123.03609,2025,NA,Bayshore North
OAK,2023,0,South Puget Sound,Oakland Bay,Ogg Property,3,47.24564,-123.03609,2025,NA,Bayshore North
OAK,2024,0.1,South Puget Sound,Oakland Bay,Ogg Property,3,47.24564,-123.03609,2025,NA,Bayshore North
OAK,2025,NA,South Puget Sound,Oakland Bay,Ogg Property,3,47.24564,-123.03609,2025,NA,Bayshore North
OB,2014,NA,Central Puget Sound,Dyes Inlet,Oyster Bay,-0.5,47.57548,-122.6738,2025,NA,Oyster Bay
OB,2015,256.24,Central Puget Sound,Dyes Inlet,Oyster Bay,-0.5,47.57548,-122.6738,2025,NA,Oyster Bay
OB,2016,0.47,Central Puget Sound,Dyes Inlet,Oyster Bay,-0.5,47.57548,-122.6738,2025,NA,Oyster Bay
OB,2017,8.76,Central Puget Sound,Dyes Inlet,Oyster Bay,-0.5,47.57548,-122.6738,2025,NA,Oyster Bay
OB,2018,2,Central Puget Sound,Dyes Inlet,Oyster Bay,-0.5,47.57548,-122.6738,2025,NA,Oyster Bay
OB,2019,30,Central Puget Sound,Dyes Inlet,Oyster Bay,-0.5,47.57548,-122.6738,2025,NA,Oyster Bay
OB,2020,0.4,Central Puget Sound,Dyes Inlet,Oyster Bay,-0.5,47.57548,-122.6738,2025,NA,Oyster Bay
OB,2021,1,Central Puget Sound,Dyes Inlet,Oyster Bay,-0.5,47.57548,-122.6738,2025,NA,Oyster Bay
OB,2022,0.23,Central Puget Sound,Dyes Inlet,Oyster Bay,-0.5,47.57548,-122.6738,2025,NA,Oyster Bay
OB,2023,1.89,Central Puget Sound,Dyes Inlet,Oyster Bay,-0.5,47.57548,-122.6738,2025,NA,Oyster Bay
OB,2024,1.03,Central Puget Sound,Dyes Inlet,Oyster Bay,-0.5,47.57548,-122.6738,2025,NA,Oyster Bay
OB,2025,0.37,Central Puget Sound,Dyes Inlet,Oyster Bay,-0.5,47.57548,-122.6738,2025,NA,Oyster Bay
ORO,2014,NA,South Puget Sound,Nisqually Reach,Oro Bay,0,47.13527,-122.70493,2021,nisqually land trust,Oro Bay
ORO,2015,NA,South Puget Sound,Nisqually Reach,Oro Bay,0,47.13527,-122.70493,2021,nisqually land trust,Oro Bay
ORO,2016,NA,South Puget Sound,Nisqually Reach,Oro Bay,0,47.13527,-122.70493,2021,nisqually land trust,Oro Bay
ORO,2017,NA,South Puget Sound,Nisqually Reach,Oro Bay,0,47.13527,-122.70493,2021,nisqually land trust,Oro Bay
ORO,2018,NA,South Puget Sound,Nisqually Reach,Oro Bay,0,47.13527,-122.70493,2021,nisqually land trust,Oro Bay
ORO,2019,NA,South Puget Sound,Nisqually Reach,Oro Bay,0,47.13527,-122.70493,2021,nisqually land trust,Oro Bay
ORO,2020,0,South Puget Sound,Nisqually Reach,Oro Bay,0,47.13527,-122.70493,2021,nisqually land trust,Oro Bay
ORO,2021,0,South Puget Sound,Nisqually Reach,Oro Bay,0,47.13527,-122.70493,2021,nisqually land trust,Oro Bay
ORO,2022,NA,South Puget Sound,Nisqually Reach,Oro Bay,0,47.13527,-122.70493,2021,nisqually land trust,Oro Bay
ORO,2023,NA,South Puget Sound,Nisqually Reach,Oro Bay,0,47.13527,-122.70493,2021,nisqually land trust,Oro Bay
ORO,2024,NA,South Puget Sound,Nisqually Reach,Oro Bay,0,47.13527,-122.70493,2021,nisqually land trust,Oro Bay
ORO,2025,NA,South Puget Sound,Nisqually Reach,Oro Bay,0,47.13527,-122.70493,2021,nisqually land trust,Oro Bay
PB,2014,NA,North Puget Sound,Padilla Bay,Padilla Bay,NA,48.47525,-122.48766,2024,NA,Padilla Bay
PB,2015,NA,North Puget Sound,Padilla Bay,Padilla Bay,NA,48.47525,-122.48766,2024,NA,Padilla Bay
PB,2016,NA,North Puget Sound,Padilla Bay,Padilla Bay,NA,48.47525,-122.48766,2024,NA,Padilla Bay
PB,2017,NA,North Puget Sound,Padilla Bay,Padilla Bay,NA,48.47525,-122.48766,2024,NA,Padilla Bay
PB,2018,NA,North Puget Sound,Padilla Bay,Padilla Bay,NA,48.47525,-122.48766,2024,NA,Padilla Bay
PB,2019,0,North Puget Sound,Padilla Bay,Padilla Bay,NA,48.47525,-122.48766,2024,NA,Padilla Bay
PB,2020,0,North Puget Sound,Padilla Bay,Padilla Bay,NA,48.47525,-122.48766,2024,NA,Padilla Bay
PB,2021,NA,North Puget Sound,Padilla Bay,Padilla Bay,NA,48.47525,-122.48766,2024,NA,Padilla Bay
PB,2022,NA,North Puget Sound,Padilla Bay,Padilla Bay,NA,48.47525,-122.48766,2024,NA,Padilla Bay
PB,2023,NA,North Puget Sound,Padilla Bay,Padilla Bay,NA,48.47525,-122.48766,2024,NA,Padilla Bay
PB,2024,NA,North Puget Sound,Padilla Bay,Padilla Bay,NA,48.47525,-122.48766,2024,NA,Padilla Bay
PB,2025,NA,North Puget Sound,Padilla Bay,Padilla Bay,NA,48.47525,-122.48766,2024,NA,Padilla Bay
PB1,2014,NA,North Puget Sound,Padilla Bay,Picnic Point,-0.5,48.46581,-122.4748,2025,NA,Picnic Point
PB1,2015,NA,North Puget Sound,Padilla Bay,Picnic Point,-0.5,48.46581,-122.4748,2025,NA,Picnic Point
PB1,2016,NA,North Puget Sound,Padilla Bay,Picnic Point,-0.5,48.46581,-122.4748,2025,NA,Picnic Point
PB1,2017,NA,North Puget Sound,Padilla Bay,Picnic Point,-0.5,48.46581,-122.4748,2025,NA,Picnic Point
PB1,2018,NA,North Puget Sound,Padilla Bay,Picnic Point,-0.5,48.46581,-122.4748,2025,NA,Picnic Point
PB1,2019,NA,North Puget Sound,Padilla Bay,Picnic Point,-0.5,48.46581,-122.4748,2025,NA,Picnic Point
PB1,2020,NA,North Puget Sound,Padilla Bay,Picnic Point,-0.5,48.46581,-122.4748,2025,NA,Picnic Point
PB1,2021,NA,North Puget Sound,Padilla Bay,Picnic Point,-0.5,48.46581,-122.4748,2025,NA,Picnic Point
PB1,2022,NA,North Puget Sound,Padilla Bay,Picnic Point,-0.5,48.46581,-122.4748,2025,NA,Picnic Point
PB1,2023,NA,North Puget Sound,Padilla Bay,Picnic Point,-0.5,48.46581,-122.4748,2025,NA,Picnic Point
PB1,2024,NA,North Puget Sound,Padilla Bay,Picnic Point,-0.5,48.46581,-122.4748,2025,NA,Picnic Point
PB1,2025,0.03,North Puget Sound,Padilla Bay,Picnic Point,-0.5,48.46581,-122.4748,2025,NA,Picnic Point
PB2,2014,NA,North Puget Sound,Padilla Bay,Noname Slough,0,48.46987,-122.47285,2025,NA,Noname Slough
PB2,2015,NA,North Puget Sound,Padilla Bay,Noname Slough,0,48.46987,-122.47285,2025,NA,Noname Slough
PB2,2016,NA,North Puget Sound,Padilla Bay,Noname Slough,0,48.46987,-122.47285,2025,NA,Noname Slough
PB2,2017,NA,North Puget Sound,Padilla Bay,Noname Slough,0,48.46987,-122.47285,2025,NA,Noname Slough
PB2,2018,NA,North Puget Sound,Padilla Bay,Noname Slough,0,48.46987,-122.47285,2025,NA,Noname Slough
PB2,2019,NA,North Puget Sound,Padilla Bay,Noname Slough,0,48.46987,-122.47285,2025,NA,Noname Slough
PB2,2020,NA,North Puget Sound,Padilla Bay,Noname Slough,0,48.46987,-122.47285,2025,NA,Noname Slough
PB2,2021,NA,North Puget Sound,Padilla Bay,Noname Slough,0,48.46987,-122.47285,2025,NA,Noname Slough
PB2,2022,NA,North Puget Sound,Padilla Bay,Noname Slough,0,48.46987,-122.47285,2025,NA,Noname Slough
PB2,2023,NA,North Puget Sound,Padilla Bay,Noname Slough,0,48.46987,-122.47285,2025,NA,Noname Slough
PB2,2024,NA,North Puget Sound,Padilla Bay,Noname Slough,0,48.46987,-122.47285,2025,NA,Noname Slough
PB2,2025,0.03,North Puget Sound,Padilla Bay,Noname Slough,0,48.46987,-122.47285,2025,NA,Noname Slough
PB3,2014,NA,North Puget Sound,Padilla Bay,Swinomish Channel,-1.5,48.4813,-122.52868,2025,NA,Swinomish Channel
PB3,2015,NA,North Puget Sound,Padilla Bay,Swinomish Channel,-1.5,48.4813,-122.52868,2025,NA,Swinomish Channel
PB3,2016,NA,North Puget Sound,Padilla Bay,Swinomish Channel,-1.5,48.4813,-122.52868,2025,NA,Swinomish Channel
PB3,2017,NA,North Puget Sound,Padilla Bay,Swinomish Channel,-1.5,48.4813,-122.52868,2025,NA,Swinomish Channel
PB3,2018,NA,North Puget Sound,Padilla Bay,Swinomish Channel,-1.5,48.4813,-122.52868,2025,NA,Swinomish Channel
PB3,2019,NA,North Puget Sound,Padilla Bay,Swinomish Channel,-1.5,48.4813,-122.52868,2025,NA,Swinomish Channel
PB3,2020,NA,North Puget Sound,Padilla Bay,Swinomish Channel,-1.5,48.4813,-122.52868,2025,NA,Swinomish Channel
PB3,2021,NA,North Puget Sound,Padilla Bay,Swinomish Channel,-1.5,48.4813,-122.52868,2025,NA,Swinomish Channel
PB3,2022,NA,North Puget Sound,Padilla Bay,Swinomish Channel,-1.5,48.4813,-122.52868,2025,NA,Swinomish Channel
PB3,2023,NA,North Puget Sound,Padilla Bay,Swinomish Channel,-1.5,48.4813,-122.52868,2025,NA,Swinomish Channel
PB3,2024,NA,North Puget Sound,Padilla Bay,Swinomish Channel,-1.5,48.4813,-122.52868,2025,NA,Swinomish Channel
PB3,2025,0,North Puget Sound,Padilla Bay,Swinomish Channel,-1.5,48.4813,-122.52868,2025,NA,Swinomish Channel
PB4,2014,NA,North Puget Sound,Padilla Bay,Telegraph Slough,-1.5,48.46484,-122.50457,2025,NA,Telegraph Slough
PB4,2015,NA,North Puget Sound,Padilla Bay,Telegraph Slough,-1.5,48.46484,-122.50457,2025,NA,Telegraph Slough
PB4,2016,NA,North Puget Sound,Padilla Bay,Telegraph Slough,-1.5,48.46484,-122.50457,2025,NA,Telegraph Slough
PB4,2017,NA,North Puget Sound,Padilla Bay,Telegraph Slough,-1.5,48.46484,-122.50457,2025,NA,Telegraph Slough
PB4,2018,NA,North Puget Sound,Padilla Bay,Telegraph Slough,-1.5,48.46484,-122.50457,2025,NA,Telegraph Slough
PB4,2019,NA,North Puget Sound,Padilla Bay,Telegraph Slough,-1.5,48.46484,-122.50457,2025,NA,Telegraph Slough
PB4,2020,NA,North Puget Sound,Padilla Bay,Telegraph Slough,-1.5,48.46484,-122.50457,2025,NA,Telegraph Slough
PB4,2021,NA,North Puget Sound,Padilla Bay,Telegraph Slough,-1.5,48.46484,-122.50457,2025,NA,Telegraph Slough
PB4,2022,NA,North Puget Sound,Padilla Bay,Telegraph Slough,-1.5,48.46484,-122.50457,2025,NA,Telegraph Slough
PB4,2023,NA,North Puget Sound,Padilla Bay,Telegraph Slough,-1.5,48.46484,-122.50457,2025,NA,Telegraph Slough
PB4,2024,NA,North Puget Sound,Padilla Bay,Telegraph Slough,-1.5,48.46484,-122.50457,2025,NA,Telegraph Slough
PB4,2025,0,North Puget Sound,Padilla Bay,Telegraph Slough,-1.5,48.46484,-122.50457,2025,NA,Telegraph Slough
PB5,2014,NA,North Puget Sound,Padilla Bay,W90,1,48.54557,-122.50517,2025,NA,W90
PB5,2015,NA,North Puget Sound,Padilla Bay,W90,1,48.54557,-122.50517,2025,NA,W90
PB5,2016,NA,North Puget Sound,Padilla Bay,W90,1,48.54557,-122.50517,2025,NA,W90
PB5,2017,NA,North Puget Sound,Padilla Bay,W90,1,48.54557,-122.50517,2025,NA,W90
PB5,2018,NA,North Puget Sound,Padilla Bay,W90,1,48.54557,-122.50517,2025,NA,W90
PB5,2019,NA,North Puget Sound,Padilla Bay,W90,1,48.54557,-122.50517,2025,NA,W90
PB5,2020,NA,North Puget Sound,Padilla Bay,W90,1,48.54557,-122.50517,2025,NA,W90
PB5,2021,NA,North Puget Sound,Padilla Bay,W90,1,48.54557,-122.50517,2025,NA,W90
PB5,2022,NA,North Puget Sound,Padilla Bay,W90,1,48.54557,-122.50517,2025,NA,W90
PB5,2023,NA,North Puget Sound,Padilla Bay,W90,1,48.54557,-122.50517,2025,NA,W90
PB5,2024,NA,North Puget Sound,Padilla Bay,W90,1,48.54557,-122.50517,2025,NA,W90
PB5,2025,0.03,North Puget Sound,Padilla Bay,W90,1,48.54557,-122.50517,2025,NA,W90
PEN1,2014,NA,South Puget Sound,Carr Inlet,Penrose Sp1,-1,47.25993,-122.747,2025,NA,Penrose East
PEN1,2015,NA,South Puget Sound,Carr Inlet,Penrose Sp1,-1,47.25993,-122.747,2025,NA,Penrose East
PEN1,2016,NA,South Puget Sound,Carr Inlet,Penrose Sp1,-1,47.25993,-122.747,2025,NA,Penrose East
PEN1,2017,NA,South Puget Sound,Carr Inlet,Penrose Sp1,-1,47.25993,-122.747,2025,NA,Penrose East
PEN1,2018,NA,South Puget Sound,Carr Inlet,Penrose Sp1,-1,47.25993,-122.747,2025,NA,Penrose East
PEN1,2019,NA,South Puget Sound,Carr Inlet,Penrose Sp1,-1,47.25993,-122.747,2025,NA,Penrose East
PEN1,2020,0.03,South Puget Sound,Carr Inlet,Penrose Sp1,-1,47.25993,-122.747,2025,NA,Penrose East
PEN1,2021,NA,South Puget Sound,Carr Inlet,Penrose Sp1,-1,47.25993,-122.747,2025,NA,Penrose East
PEN1,2022,NA,South Puget Sound,Carr Inlet,Penrose Sp1,-1,47.25993,-122.747,2025,NA,Penrose East
PEN1,2023,NA,South Puget Sound,Carr Inlet,Penrose Sp1,-1,47.25993,-122.747,2025,NA,Penrose East
PEN1,2024,0,South Puget Sound,Carr Inlet,Penrose Sp1,-1,47.25993,-122.747,2025,NA,Penrose East
PEN1,2025,0,South Puget Sound,Carr Inlet,Penrose Sp1,-1,47.25993,-122.747,2025,NA,Penrose East
PEN2,2014,NA,South Puget Sound,Carr Inlet,Penrose Sp2,-1,47.25958,-122.74798,2025,NA,Penrose West
PEN2,2015,NA,South Puget Sound,Carr Inlet,Penrose Sp2,-1,47.25958,-122.74798,2025,NA,Penrose West
PEN2,2016,NA,South Puget Sound,Carr Inlet,Penrose Sp2,-1,47.25958,-122.74798,2025,NA,Penrose West
PEN2,2017,NA,South Puget Sound,Carr Inlet,Penrose Sp2,-1,47.25958,-122.74798,2025,NA,Penrose West
PEN2,2018,NA,South Puget Sound,Carr Inlet,Penrose Sp2,-1,47.25958,-122.74798,2025,NA,Penrose West
PEN2,2019,NA,South Puget Sound,Carr Inlet,Penrose Sp2,-1,47.25958,-122.74798,2025,NA,Penrose West
PEN2,2020,NA,South Puget Sound,Carr Inlet,Penrose Sp2,-1,47.25958,-122.74798,2025,NA,Penrose West
PEN2,2021,NA,South Puget Sound,Carr Inlet,Penrose Sp2,-1,47.25958,-122.74798,2025,NA,Penrose West
PEN2,2022,NA,South Puget Sound,Carr Inlet,Penrose Sp2,-1,47.25958,-122.74798,2025,NA,Penrose West
PEN2,2023,NA,South Puget Sound,Carr Inlet,Penrose Sp2,-1,47.25958,-122.74798,2025,NA,Penrose West
PEN2,2024,0,South Puget Sound,Carr Inlet,Penrose Sp2,-1,47.25958,-122.74798,2025,NA,Penrose West
PEN2,2025,0,South Puget Sound,Carr Inlet,Penrose Sp2,-1,47.25958,-122.74798,2025,NA,Penrose West
PGH,2014,5.55,Admiralty Inlet,Port Gamble,Port Gamble Hilton,-1,47.82016,-122.56999,2018,GPS for 2014 PGBh is different,Port Gamble South
PGH,2015,4.47,Admiralty Inlet,Port Gamble,Port Gamble Hilton,-1,47.82016,-122.56999,2018,GPS for 2014 PGBh is different,Port Gamble South
PGH,2016,NA,Admiralty Inlet,Port Gamble,Port Gamble Hilton,-1,47.82016,-122.56999,2018,GPS for 2014 PGBh is different,Port Gamble South
PGH,2017,7.81,Admiralty Inlet,Port Gamble,Port Gamble Hilton,-1,47.82016,-122.56999,2018,GPS for 2014 PGBh is different,Port Gamble South
PGH,2018,0.65,Admiralty Inlet,Port Gamble,Port Gamble Hilton,-1,47.82016,-122.56999,2018,GPS for 2014 PGBh is different,Port Gamble South
PGH,2019,NA,Admiralty Inlet,Port Gamble,Port Gamble Hilton,-1,47.82016,-122.56999,2018,GPS for 2014 PGBh is different,Port Gamble South
PGH,2020,NA,Admiralty Inlet,Port Gamble,Port Gamble Hilton,-1,47.82016,-122.56999,2018,GPS for 2014 PGBh is different,Port Gamble South
PGH,2021,NA,Admiralty Inlet,Port Gamble,Port Gamble Hilton,-1,47.82016,-122.56999,2018,GPS for 2014 PGBh is different,Port Gamble South
PGH,2022,NA,Admiralty Inlet,Port Gamble,Port Gamble Hilton,-1,47.82016,-122.56999,2018,GPS for 2014 PGBh is different,Port Gamble South
PGH,2023,NA,Admiralty Inlet,Port Gamble,Port Gamble Hilton,-1,47.82016,-122.56999,2018,GPS for 2014 PGBh is different,Port Gamble South
PGH,2024,NA,Admiralty Inlet,Port Gamble,Port Gamble Hilton,-1,47.82016,-122.56999,2018,GPS for 2014 PGBh is different,Port Gamble South
PGH,2025,NA,Admiralty Inlet,Port Gamble,Port Gamble Hilton,-1,47.82016,-122.56999,2018,GPS for 2014 PGBh is different,Port Gamble South
PGK,2014,NA,Admiralty Inlet,Port Gamble,Port Gamble Kitsap,-0.5,47.82672,-122.58357,2025,NA,Port Gamble West
PGK,2015,4.76,Admiralty Inlet,Port Gamble,Port Gamble Kitsap,-0.5,47.82672,-122.58357,2025,NA,Port Gamble West
PGK,2016,5.57,Admiralty Inlet,Port Gamble,Port Gamble Kitsap,-0.5,47.82672,-122.58357,2025,NA,Port Gamble West
PGK,2017,5.83,Admiralty Inlet,Port Gamble,Port Gamble Kitsap,-0.5,47.82672,-122.58357,2025,NA,Port Gamble West
PGK,2018,0.37,Admiralty Inlet,Port Gamble,Port Gamble Kitsap,-0.5,47.82672,-122.58357,2025,NA,Port Gamble West
PGK,2019,4.9,Admiralty Inlet,Port Gamble,Port Gamble Kitsap,-0.5,47.82672,-122.58357,2025,NA,Port Gamble West
PGK,2020,1.11,Admiralty Inlet,Port Gamble,Port Gamble Kitsap,-0.5,47.82672,-122.58357,2025,NA,Port Gamble West
PGK,2021,6.07,Admiralty Inlet,Port Gamble,Port Gamble Kitsap,-0.5,47.82672,-122.58357,2025,NA,Port Gamble West
PGK,2022,1.08,Admiralty Inlet,Port Gamble,Port Gamble Kitsap,-0.5,47.82672,-122.58357,2025,NA,Port Gamble West
PGK,2023,0.37,Admiralty Inlet,Port Gamble,Port Gamble Kitsap,-0.5,47.82672,-122.58357,2025,NA,Port Gamble West
PGK,2024,1.63,Admiralty Inlet,Port Gamble,Port Gamble Kitsap,-0.5,47.82672,-122.58357,2025,NA,Port Gamble West
PGK,2025,1.63,Admiralty Inlet,Port Gamble,Port Gamble Kitsap,-0.5,47.82672,-122.58357,2025,NA,Port Gamble West
PGS,2014,7.37,Admiralty Inlet,Port Gamble,Port Gamble Shorn,-1,47.82187,-122.58164,2018,NA,Port Gamble Shorn
PGS,2015,NA,Admiralty Inlet,Port Gamble,Port Gamble Shorn,-1,47.82187,-122.58164,2018,NA,Port Gamble Shorn
PGS,2016,NA,Admiralty Inlet,Port Gamble,Port Gamble Shorn,-1,47.82187,-122.58164,2018,NA,Port Gamble Shorn
PGS,2017,NA,Admiralty Inlet,Port Gamble,Port Gamble Shorn,-1,47.82187,-122.58164,2018,NA,Port Gamble Shorn
PGS,2018,NA,Admiralty Inlet,Port Gamble,Port Gamble Shorn,-1,47.82187,-122.58164,2018,NA,Port Gamble Shorn
PGS,2019,NA,Admiralty Inlet,Port Gamble,Port Gamble Shorn,-1,47.82187,-122.58164,2018,NA,Port Gamble Shorn
PGS,2020,NA,Admiralty Inlet,Port Gamble,Port Gamble Shorn,-1,47.82187,-122.58164,2018,NA,Port Gamble Shorn
PGS,2021,NA,Admiralty Inlet,Port Gamble,Port Gamble Shorn,-1,47.82187,-122.58164,2018,NA,Port Gamble Shorn
PGS,2022,NA,Admiralty Inlet,Port Gamble,Port Gamble Shorn,-1,47.82187,-122.58164,2018,NA,Port Gamble Shorn
PGS,2023,NA,Admiralty Inlet,Port Gamble,Port Gamble Shorn,-1,47.82187,-122.58164,2018,NA,Port Gamble Shorn
PGS,2024,NA,Admiralty Inlet,Port Gamble,Port Gamble Shorn,-1,47.82187,-122.58164,2018,NA,Port Gamble Shorn
PGS,2025,NA,Admiralty Inlet,Port Gamble,Port Gamble Shorn,-1,47.82187,-122.58164,2018,NA,Port Gamble Shorn
PGT,2014,NA,Admiralty Inlet,Port Gamble,Pgsk Tribe,-0.5,47.81869,-122.57483,2020,NA,Pgsk Tribe
PGT,2015,NA,Admiralty Inlet,Port Gamble,Pgsk Tribe,-0.5,47.81869,-122.57483,2020,NA,Pgsk Tribe
PGT,2016,NA,Admiralty Inlet,Port Gamble,Pgsk Tribe,-0.5,47.81869,-122.57483,2020,NA,Pgsk Tribe
PGT,2017,NA,Admiralty Inlet,Port Gamble,Pgsk Tribe,-0.5,47.81869,-122.57483,2020,NA,Pgsk Tribe
PGT,2018,NA,Admiralty Inlet,Port Gamble,Pgsk Tribe,-0.5,47.81869,-122.57483,2020,NA,Pgsk Tribe
PGT,2019,1.57,Admiralty Inlet,Port Gamble,Pgsk Tribe,-0.5,47.81869,-122.57483,2020,NA,Pgsk Tribe
PGT,2020,0.33,Admiralty Inlet,Port Gamble,Pgsk Tribe,-0.5,47.81869,-122.57483,2020,NA,Pgsk Tribe
PGT,2021,NA,Admiralty Inlet,Port Gamble,Pgsk Tribe,-0.5,47.81869,-122.57483,2020,NA,Pgsk Tribe
PGT,2022,NA,Admiralty Inlet,Port Gamble,Pgsk Tribe,-0.5,47.81869,-122.57483,2020,NA,Pgsk Tribe
PGT,2023,NA,Admiralty Inlet,Port Gamble,Pgsk Tribe,-0.5,47.81869,-122.57483,2020,NA,Pgsk Tribe
PGT,2024,NA,Admiralty Inlet,Port Gamble,Pgsk Tribe,-0.5,47.81869,-122.57483,2020,NA,Pgsk Tribe
PGT,2025,NA,Admiralty Inlet,Port Gamble,Pgsk Tribe,-0.5,47.81869,-122.57483,2020,NA,Pgsk Tribe
PMD,2014,NA,Central Puget Sound,Port Madison,Port Madison Don's Property,-1,47.6965,-122.54424,2025,NA,Port Madison
PMD,2015,NA,Central Puget Sound,Port Madison,Port Madison Don's Property,-1,47.6965,-122.54424,2025,NA,Port Madison
PMD,2016,NA,Central Puget Sound,Port Madison,Port Madison Don's Property,-1,47.6965,-122.54424,2025,NA,Port Madison
PMD,2017,NA,Central Puget Sound,Port Madison,Port Madison Don's Property,-1,47.6965,-122.54424,2025,NA,Port Madison
PMD,2018,NA,Central Puget Sound,Port Madison,Port Madison Don's Property,-1,47.6965,-122.54424,2025,NA,Port Madison
PMD,2019,NA,Central Puget Sound,Port Madison,Port Madison Don's Property,-1,47.6965,-122.54424,2025,NA,Port Madison
PMD,2020,NA,Central Puget Sound,Port Madison,Port Madison Don's Property,-1,47.6965,-122.54424,2025,NA,Port Madison
PMD,2021,1.73,Central Puget Sound,Port Madison,Port Madison Don's Property,-1,47.6965,-122.54424,2025,NA,Port Madison
PMD,2022,0.2,Central Puget Sound,Port Madison,Port Madison Don's Property,-1,47.6965,-122.54424,2025,NA,Port Madison
PMD,2023,0.5,Central Puget Sound,Port Madison,Port Madison Don's Property,-1,47.6965,-122.54424,2025,NA,Port Madison
PMD,2024,2.5,Central Puget Sound,Port Madison,Port Madison Don's Property,-1,47.6965,-122.54424,2025,NA,Port Madison
PMD,2025,0.17,Central Puget Sound,Port Madison,Port Madison Don's Property,-1,47.6965,-122.54424,2025,NA,Port Madison
POR,2014,NA,North Puget Sound,Portage Bay,Portage Bay,0.4,48.72733,-122.63933,2025,NA,Portage Bay
POR,2015,NA,North Puget Sound,Portage Bay,Portage Bay,0.4,48.72733,-122.63933,2025,NA,Portage Bay
POR,2016,NA,North Puget Sound,Portage Bay,Portage Bay,0.4,48.72733,-122.63933,2025,NA,Portage Bay
POR,2017,NA,North Puget Sound,Portage Bay,Portage Bay,0.4,48.72733,-122.63933,2025,NA,Portage Bay
POR,2018,NA,North Puget Sound,Portage Bay,Portage Bay,0.4,48.72733,-122.63933,2025,NA,Portage Bay
POR,2019,NA,North Puget Sound,Portage Bay,Portage Bay,0.4,48.72733,-122.63933,2025,NA,Portage Bay
POR,2020,NA,North Puget Sound,Portage Bay,Portage Bay,0.4,48.72733,-122.63933,2025,NA,Portage Bay
POR,2021,0,North Puget Sound,Portage Bay,Portage Bay,0.4,48.72733,-122.63933,2025,NA,Portage Bay
POR,2022,0,North Puget Sound,Portage Bay,Portage Bay,0.4,48.72733,-122.63933,2025,NA,Portage Bay
POR,2023,0,North Puget Sound,Portage Bay,Portage Bay,0.4,48.72733,-122.63933,2025,NA,Portage Bay
POR,2024,0,North Puget Sound,Portage Bay,Portage Bay,0.4,48.72733,-122.63933,2025,NA,Portage Bay
POR,2025,0,North Puget Sound,Portage Bay,Portage Bay,0.4,48.72733,-122.63933,2025,NA,Portage Bay
QB1,2014,NA,Hood Canal,Quilcene Bay,Dnr North,-0.5,47.79487,-122.86897,2020,NA,Quilcene Bay 1
QB1,2015,NA,Hood Canal,Quilcene Bay,Dnr North,-0.5,47.79487,-122.86897,2020,NA,Quilcene Bay 1
QB1,2016,NA,Hood Canal,Quilcene Bay,Dnr North,-0.5,47.79487,-122.86897,2020,NA,Quilcene Bay 1
QB1,2017,NA,Hood Canal,Quilcene Bay,Dnr North,-0.5,47.79487,-122.86897,2020,NA,Quilcene Bay 1
QB1,2018,0.15,Hood Canal,Quilcene Bay,Dnr North,-0.5,47.79487,-122.86897,2020,NA,Quilcene Bay 1
QB1,2019,1,Hood Canal,Quilcene Bay,Dnr North,-0.5,47.79487,-122.86897,2020,NA,Quilcene Bay 1
QB1,2020,1.19,Hood Canal,Quilcene Bay,Dnr North,-0.5,47.79487,-122.86897,2020,NA,Quilcene Bay 1
QB1,2021,NA,Hood Canal,Quilcene Bay,Dnr North,-0.5,47.79487,-122.86897,2020,NA,Quilcene Bay 1
QB1,2022,NA,Hood Canal,Quilcene Bay,Dnr North,-0.5,47.79487,-122.86897,2020,NA,Quilcene Bay 1
QB1,2023,NA,Hood Canal,Quilcene Bay,Dnr North,-0.5,47.79487,-122.86897,2020,NA,Quilcene Bay 1
QB1,2024,NA,Hood Canal,Quilcene Bay,Dnr North,-0.5,47.79487,-122.86897,2020,NA,Quilcene Bay 1
QB1,2025,NA,Hood Canal,Quilcene Bay,Dnr North,-0.5,47.79487,-122.86897,2020,NA,Quilcene Bay 1
QB2,2014,NA,Hood Canal,Quilcene Bay,Dnr South,-0.5,47.78238,-122.86652,2022,NA,Quilcene Bay 2
QB2,2015,NA,Hood Canal,Quilcene Bay,Dnr South,-0.5,47.78238,-122.86652,2022,NA,Quilcene Bay 2
QB2,2016,NA,Hood Canal,Quilcene Bay,Dnr South,-0.5,47.78238,-122.86652,2022,NA,Quilcene Bay 2
QB2,2017,NA,Hood Canal,Quilcene Bay,Dnr South,-0.5,47.78238,-122.86652,2022,NA,Quilcene Bay 2
QB2,2018,3.41,Hood Canal,Quilcene Bay,Dnr South,-0.5,47.78238,-122.86652,2022,NA,Quilcene Bay 2
QB2,2019,1.55,Hood Canal,Quilcene Bay,Dnr South,-0.5,47.78238,-122.86652,2022,NA,Quilcene Bay 2
QB2,2020,0.89,Hood Canal,Quilcene Bay,Dnr South,-0.5,47.78238,-122.86652,2022,NA,Quilcene Bay 2
QB2,2021,2.87,Hood Canal,Quilcene Bay,Dnr South,-0.5,47.78238,-122.86652,2022,NA,Quilcene Bay 2
QB2,2022,1.55,Hood Canal,Quilcene Bay,Dnr South,-0.5,47.78238,-122.86652,2022,NA,Quilcene Bay 2
QB2,2023,NA,Hood Canal,Quilcene Bay,Dnr South,-0.5,47.78238,-122.86652,2022,NA,Quilcene Bay 2
QB2,2024,NA,Hood Canal,Quilcene Bay,Dnr South,-0.5,47.78238,-122.86652,2022,NA,Quilcene Bay 2
QB2,2025,NA,Hood Canal,Quilcene Bay,Dnr South,-0.5,47.78238,-122.86652,2022,NA,Quilcene Bay 2
QB3,2014,NA,Hood Canal,Quilcene Bay,Fishermans Pt,-0.5,47.7842,-122.85274,2025,NA,Fishermans Point
QB3,2015,NA,Hood Canal,Quilcene Bay,Fishermans Pt,-0.5,47.7842,-122.85274,2025,NA,Fishermans Point
QB3,2016,NA,Hood Canal,Quilcene Bay,Fishermans Pt,-0.5,47.7842,-122.85274,2025,NA,Fishermans Point
QB3,2017,NA,Hood Canal,Quilcene Bay,Fishermans Pt,-0.5,47.7842,-122.85274,2025,NA,Fishermans Point
QB3,2018,1.1,Hood Canal,Quilcene Bay,Fishermans Pt,-0.5,47.7842,-122.85274,2025,NA,Fishermans Point
QB3,2019,3.47,Hood Canal,Quilcene Bay,Fishermans Pt,-0.5,47.7842,-122.85274,2025,NA,Fishermans Point
QB3,2020,0.5,Hood Canal,Quilcene Bay,Fishermans Pt,-0.5,47.7842,-122.85274,2025,NA,Fishermans Point
QB3,2021,25.31,Hood Canal,Quilcene Bay,Fishermans Pt,-0.5,47.7842,-122.85274,2025,NA,Fishermans Point
QB3,2022,1.6,Hood Canal,Quilcene Bay,Fishermans Pt,-0.5,47.7842,-122.85274,2025,NA,Fishermans Point
QB3,2023,4.17,Hood Canal,Quilcene Bay,Fishermans Pt,-0.5,47.7842,-122.85274,2025,NA,Fishermans Point
QB3,2024,7.8,Hood Canal,Quilcene Bay,Fishermans Pt,-0.5,47.7842,-122.85274,2025,NA,Fishermans Point
QB3,2025,1.1,Hood Canal,Quilcene Bay,Fishermans Pt,-0.5,47.7842,-122.85274,2025,NA,Fishermans Point
QB4,2014,NA,Hood Canal,Quilcene Bay,Wdfw Ne,-0.5,47.80176,-122.84711,2021,NA,Quilcene Bay 3
QB4,2015,NA,Hood Canal,Quilcene Bay,Wdfw Ne,-0.5,47.80176,-122.84711,2021,NA,Quilcene Bay 3
QB4,2016,NA,Hood Canal,Quilcene Bay,Wdfw Ne,-0.5,47.80176,-122.84711,2021,NA,Quilcene Bay 3
QB4,2017,NA,Hood Canal,Quilcene Bay,Wdfw Ne,-0.5,47.80176,-122.84711,2021,NA,Quilcene Bay 3
QB4,2018,2.6,Hood Canal,Quilcene Bay,Wdfw Ne,-0.5,47.80176,-122.84711,2021,NA,Quilcene Bay 3
QB4,2019,6.03,Hood Canal,Quilcene Bay,Wdfw Ne,-0.5,47.80176,-122.84711,2021,NA,Quilcene Bay 3
QB4,2020,0.55,Hood Canal,Quilcene Bay,Wdfw Ne,-0.5,47.80176,-122.84711,2021,NA,Quilcene Bay 3
QB4,2021,0.13,Hood Canal,Quilcene Bay,Wdfw Ne,-0.5,47.80176,-122.84711,2021,NA,Quilcene Bay 3
QB4,2022,NA,Hood Canal,Quilcene Bay,Wdfw Ne,-0.5,47.80176,-122.84711,2021,NA,Quilcene Bay 3
QB4,2023,NA,Hood Canal,Quilcene Bay,Wdfw Ne,-0.5,47.80176,-122.84711,2021,NA,Quilcene Bay 3
QB4,2024,NA,Hood Canal,Quilcene Bay,Wdfw Ne,-0.5,47.80176,-122.84711,2021,NA,Quilcene Bay 3
QB4,2025,NA,Hood Canal,Quilcene Bay,Wdfw Ne,-0.5,47.80176,-122.84711,2021,NA,Quilcene Bay 3
QB5,2014,NA,Hood Canal,Quilcene Bay,Wdfw Rec,-1,47.80764,-122.8632,2020,from Cherlys email,Quilcene Bay 4
QB5,2015,NA,Hood Canal,Quilcene Bay,Wdfw Rec,-1,47.80764,-122.8632,2020,from Cherlys email,Quilcene Bay 4
QB5,2016,2.37,Hood Canal,Quilcene Bay,Wdfw Rec,-1,47.80764,-122.8632,2020,from Cherlys email,Quilcene Bay 4
QB5,2017,0.74,Hood Canal,Quilcene Bay,Wdfw Rec,-1,47.80764,-122.8632,2020,from Cherlys email,Quilcene Bay 4
QB5,2018,0.17,Hood Canal,Quilcene Bay,Wdfw Rec,-1,47.80764,-122.8632,2020,from Cherlys email,Quilcene Bay 4
QB5,2019,0.03,Hood Canal,Quilcene Bay,Wdfw Rec,-1,47.80764,-122.8632,2020,from Cherlys email,Quilcene Bay 4
QB5,2020,0,Hood Canal,Quilcene Bay,Wdfw Rec,-1,47.80764,-122.8632,2020,from Cherlys email,Quilcene Bay 4
QB5,2021,NA,Hood Canal,Quilcene Bay,Wdfw Rec,-1,47.80764,-122.8632,2020,from Cherlys email,Quilcene Bay 4
QB5,2022,NA,Hood Canal,Quilcene Bay,Wdfw Rec,-1,47.80764,-122.8632,2020,from Cherlys email,Quilcene Bay 4
QB5,2023,NA,Hood Canal,Quilcene Bay,Wdfw Rec,-1,47.80764,-122.8632,2020,from Cherlys email,Quilcene Bay 4
QB5,2024,NA,Hood Canal,Quilcene Bay,Wdfw Rec,-1,47.80764,-122.8632,2020,from Cherlys email,Quilcene Bay 4
QB5,2025,NA,Hood Canal,Quilcene Bay,Wdfw Rec,-1,47.80764,-122.8632,2020,from Cherlys email,Quilcene Bay 4
QBH,2014,NA,Hood Canal,Quilcene Bay,Quilcene Bay Head,NA,47.8074,-122.86215,2025,NA,Quilcene Bay Head
QBH,2015,NA,Hood Canal,Quilcene Bay,Quilcene Bay Head,NA,47.8074,-122.86215,2025,NA,Quilcene Bay Head
QBH,2016,NA,Hood Canal,Quilcene Bay,Quilcene Bay Head,NA,47.8074,-122.86215,2025,NA,Quilcene Bay Head
QBH,2017,NA,Hood Canal,Quilcene Bay,Quilcene Bay Head,NA,47.8074,-122.86215,2025,NA,Quilcene Bay Head
QBH,2018,NA,Hood Canal,Quilcene Bay,Quilcene Bay Head,NA,47.8074,-122.86215,2025,NA,Quilcene Bay Head
QBH,2019,NA,Hood Canal,Quilcene Bay,Quilcene Bay Head,NA,47.8074,-122.86215,2025,NA,Quilcene Bay Head
QBH,2020,NA,Hood Canal,Quilcene Bay,Quilcene Bay Head,NA,47.8074,-122.86215,2025,NA,Quilcene Bay Head
QBH,2021,NA,Hood Canal,Quilcene Bay,Quilcene Bay Head,NA,47.8074,-122.86215,2025,NA,Quilcene Bay Head
QBH,2022,4.1,Hood Canal,Quilcene Bay,Quilcene Bay Head,NA,47.8074,-122.86215,2025,NA,Quilcene Bay Head
QBH,2023,0.76,Hood Canal,Quilcene Bay,Quilcene Bay Head,NA,47.8074,-122.86215,2025,NA,Quilcene Bay Head
QBH,2024,0.5,Hood Canal,Quilcene Bay,Quilcene Bay Head,NA,47.8074,-122.86215,2025,NA,Quilcene Bay Head
QBH,2025,0.15,Hood Canal,Quilcene Bay,Quilcene Bay Head,NA,47.8074,-122.86215,2025,NA,Quilcene Bay Head
RCN,2014,NA,North Puget Sound,Fidalgo Bay,Rockcauseway N,-1,48.47135,-122.5833,2016,from Pauls notes,Rockcauseway N
RCN,2015,NA,North Puget Sound,Fidalgo Bay,Rockcauseway N,-1,48.47135,-122.5833,2016,from Pauls notes,Rockcauseway N
RCN,2016,5,North Puget Sound,Fidalgo Bay,Rockcauseway N,-1,48.47135,-122.5833,2016,from Pauls notes,Rockcauseway N
RCN,2017,NA,North Puget Sound,Fidalgo Bay,Rockcauseway N,-1,48.47135,-122.5833,2016,from Pauls notes,Rockcauseway N
RCN,2018,NA,North Puget Sound,Fidalgo Bay,Rockcauseway N,-1,48.47135,-122.5833,2016,from Pauls notes,Rockcauseway N
RCN,2019,NA,North Puget Sound,Fidalgo Bay,Rockcauseway N,-1,48.47135,-122.5833,2016,from Pauls notes,Rockcauseway N
RCN,2020,NA,North Puget Sound,Fidalgo Bay,Rockcauseway N,-1,48.47135,-122.5833,2016,from Pauls notes,Rockcauseway N
RCN,2021,NA,North Puget Sound,Fidalgo Bay,Rockcauseway N,-1,48.47135,-122.5833,2016,from Pauls notes,Rockcauseway N
RCN,2022,NA,North Puget Sound,Fidalgo Bay,Rockcauseway N,-1,48.47135,-122.5833,2016,from Pauls notes,Rockcauseway N
RCN,2023,NA,North Puget Sound,Fidalgo Bay,Rockcauseway N,-1,48.47135,-122.5833,2016,from Pauls notes,Rockcauseway N
RCN,2024,NA,North Puget Sound,Fidalgo Bay,Rockcauseway N,-1,48.47135,-122.5833,2016,from Pauls notes,Rockcauseway N
RCN,2025,NA,North Puget Sound,Fidalgo Bay,Rockcauseway N,-1,48.47135,-122.5833,2016,from Pauls notes,Rockcauseway N
SAM,2014,NA,North Puget Sound,Padilla Bay,Samish Island,NA,48.50423,-122.49031,2024,NA,Samish Island
SAM,2015,NA,North Puget Sound,Padilla Bay,Samish Island,NA,48.50423,-122.49031,2024,NA,Samish Island
SAM,2016,NA,North Puget Sound,Padilla Bay,Samish Island,NA,48.50423,-122.49031,2024,NA,Samish Island
SAM,2017,NA,North Puget Sound,Padilla Bay,Samish Island,NA,48.50423,-122.49031,2024,NA,Samish Island
SAM,2018,NA,North Puget Sound,Padilla Bay,Samish Island,NA,48.50423,-122.49031,2024,NA,Samish Island
SAM,2019,0,North Puget Sound,Padilla Bay,Samish Island,NA,48.50423,-122.49031,2024,NA,Samish Island
SAM,2020,0,North Puget Sound,Padilla Bay,Samish Island,NA,48.50423,-122.49031,2024,NA,Samish Island
SAM,2021,NA,North Puget Sound,Padilla Bay,Samish Island,NA,48.50423,-122.49031,2024,NA,Samish Island
SAM,2022,NA,North Puget Sound,Padilla Bay,Samish Island,NA,48.50423,-122.49031,2024,NA,Samish Island
SAM,2023,NA,North Puget Sound,Padilla Bay,Samish Island,NA,48.50423,-122.49031,2024,NA,Samish Island
SAM,2024,NA,North Puget Sound,Padilla Bay,Samish Island,NA,48.50423,-122.49031,2024,NA,Samish Island
SAM,2025,NA,North Puget Sound,Padilla Bay,Samish Island,NA,48.50423,-122.49031,2024,NA,Samish Island
SB,2014,NA,North Puget Sound,Samish Bay,Samish Bay,NA,48.57386,-122.47256,2025,NA,Samish Bay South
SB,2015,NA,North Puget Sound,Samish Bay,Samish Bay,NA,48.57386,-122.47256,2025,NA,Samish Bay South
SB,2016,NA,North Puget Sound,Samish Bay,Samish Bay,NA,48.57386,-122.47256,2025,NA,Samish Bay South
SB,2017,NA,North Puget Sound,Samish Bay,Samish Bay,NA,48.57386,-122.47256,2025,NA,Samish Bay South
SB,2018,NA,North Puget Sound,Samish Bay,Samish Bay,NA,48.57386,-122.47256,2025,NA,Samish Bay South
SB,2019,NA,North Puget Sound,Samish Bay,Samish Bay,NA,48.57386,-122.47256,2025,NA,Samish Bay South
SB,2020,NA,North Puget Sound,Samish Bay,Samish Bay,NA,48.57386,-122.47256,2025,NA,Samish Bay South
SB,2021,0,North Puget Sound,Samish Bay,Samish Bay,NA,48.57386,-122.47256,2025,NA,Samish Bay South
SB,2022,NA,North Puget Sound,Samish Bay,Samish Bay,NA,48.57386,-122.47256,2025,NA,Samish Bay South
SB,2023,0,North Puget Sound,Samish Bay,Samish Bay,NA,48.57386,-122.47256,2025,NA,Samish Bay South
SB,2024,0,North Puget Sound,Samish Bay,Samish Bay,NA,48.57386,-122.47256,2025,NA,Samish Bay South
SB,2025,0,North Puget Sound,Samish Bay,Samish Bay,NA,48.57386,-122.47256,2025,NA,Samish Bay South
SB2,2014,NA,North Puget Sound,Samish Bay,Samish Bay Middle,-0.5,48.60452,-122.44212,2025,NA,Samish Bay Taylor Shellfish
SB2,2015,NA,North Puget Sound,Samish Bay,Samish Bay Middle,-0.5,48.60452,-122.44212,2025,NA,Samish Bay Taylor Shellfish
SB2,2016,NA,North Puget Sound,Samish Bay,Samish Bay Middle,-0.5,48.60452,-122.44212,2025,NA,Samish Bay Taylor Shellfish
SB2,2017,NA,North Puget Sound,Samish Bay,Samish Bay Middle,-0.5,48.60452,-122.44212,2025,NA,Samish Bay Taylor Shellfish
SB2,2018,NA,North Puget Sound,Samish Bay,Samish Bay Middle,-0.5,48.60452,-122.44212,2025,NA,Samish Bay Taylor Shellfish
SB2,2019,NA,North Puget Sound,Samish Bay,Samish Bay Middle,-0.5,48.60452,-122.44212,2025,NA,Samish Bay Taylor Shellfish
SB2,2020,NA,North Puget Sound,Samish Bay,Samish Bay Middle,-0.5,48.60452,-122.44212,2025,NA,Samish Bay Taylor Shellfish
SB2,2021,NA,North Puget Sound,Samish Bay,Samish Bay Middle,-0.5,48.60452,-122.44212,2025,NA,Samish Bay Taylor Shellfish
SB2,2022,0,North Puget Sound,Samish Bay,Samish Bay Middle,-0.5,48.60452,-122.44212,2025,NA,Samish Bay Taylor Shellfish
SB2,2023,0,North Puget Sound,Samish Bay,Samish Bay Middle,-0.5,48.60452,-122.44212,2025,NA,Samish Bay Taylor Shellfish
SB2,2024,0,North Puget Sound,Samish Bay,Samish Bay Middle,-0.5,48.60452,-122.44212,2025,NA,Samish Bay Taylor Shellfish
SB2,2025,0,North Puget Sound,Samish Bay,Samish Bay Middle,-0.5,48.60452,-122.44212,2025,NA,Samish Bay Taylor Shellfish
SB3,2014,NA,North Puget Sound,Samish Bay,Jerrys Bar,-1,48.62246,-122.4576,2025,NA,Samish Bay Rock Point
SB3,2015,NA,North Puget Sound,Samish Bay,Jerrys Bar,-1,48.62246,-122.4576,2025,NA,Samish Bay Rock Point
SB3,2016,NA,North Puget Sound,Samish Bay,Jerrys Bar,-1,48.62246,-122.4576,2025,NA,Samish Bay Rock Point
SB3,2017,NA,North Puget Sound,Samish Bay,Jerrys Bar,-1,48.62246,-122.4576,2025,NA,Samish Bay Rock Point
SB3,2018,NA,North Puget Sound,Samish Bay,Jerrys Bar,-1,48.62246,-122.4576,2025,NA,Samish Bay Rock Point
SB3,2019,NA,North Puget Sound,Samish Bay,Jerrys Bar,-1,48.62246,-122.4576,2025,NA,Samish Bay Rock Point
SB3,2020,NA,North Puget Sound,Samish Bay,Jerrys Bar,-1,48.62246,-122.4576,2025,NA,Samish Bay Rock Point
SB3,2021,NA,North Puget Sound,Samish Bay,Jerrys Bar,-1,48.62246,-122.4576,2025,NA,Samish Bay Rock Point
SB3,2022,0,North Puget Sound,Samish Bay,Jerrys Bar,-1,48.62246,-122.4576,2025,NA,Samish Bay Rock Point
SB3,2023,0.03,North Puget Sound,Samish Bay,Jerrys Bar,-1,48.62246,-122.4576,2025,NA,Samish Bay Rock Point
SB3,2024,0,North Puget Sound,Samish Bay,Jerrys Bar,-1,48.62246,-122.4576,2025,NA,Samish Bay Rock Point
SB3,2025,0.07,North Puget Sound,Samish Bay,Jerrys Bar,-1,48.62246,-122.4576,2025,NA,Samish Bay Rock Point
SD,2014,NA,Central Puget Sound,Dyes Inlet,Silverdale,-1,47.64612,-122.6873,2025,NA,Silverdale
SD,2015,NA,Central Puget Sound,Dyes Inlet,Silverdale,-1,47.64612,-122.6873,2025,NA,Silverdale
SD,2016,NA,Central Puget Sound,Dyes Inlet,Silverdale,-1,47.64612,-122.6873,2025,NA,Silverdale
SD,2017,NA,Central Puget Sound,Dyes Inlet,Silverdale,-1,47.64612,-122.6873,2025,NA,Silverdale
SD,2018,NA,Central Puget Sound,Dyes Inlet,Silverdale,-1,47.64612,-122.6873,2025,NA,Silverdale
SD,2019,0.13,Central Puget Sound,Dyes Inlet,Silverdale,-1,47.64612,-122.6873,2025,NA,Silverdale
SD,2020,0.03,Central Puget Sound,Dyes Inlet,Silverdale,-1,47.64612,-122.6873,2025,NA,Silverdale
SD,2021,1.2,Central Puget Sound,Dyes Inlet,Silverdale,-1,47.64612,-122.6873,2025,NA,Silverdale
SD,2022,0.1,Central Puget Sound,Dyes Inlet,Silverdale,-1,47.64612,-122.6873,2025,NA,Silverdale
SD,2023,0.97,Central Puget Sound,Dyes Inlet,Silverdale,-1,47.64612,-122.6873,2025,NA,Silverdale
SD,2024,0.05,Central Puget Sound,Dyes Inlet,Silverdale,-1,47.64612,-122.6873,2025,NA,Silverdale
SD,2025,0.13,Central Puget Sound,Dyes Inlet,Silverdale,-1,47.64612,-122.6873,2025,NA,Silverdale
SI,2014,NA,Central Puget Sound,Sinclair Inlet,Sinclair Inlet,-1,47.53085,-122.68514,2025,NA,Sinclair Inlet
SI,2015,10.2,Central Puget Sound,Sinclair Inlet,Sinclair Inlet,-1,47.53085,-122.68514,2025,NA,Sinclair Inlet
SI,2016,NA,Central Puget Sound,Sinclair Inlet,Sinclair Inlet,-1,47.53085,-122.68514,2025,NA,Sinclair Inlet
SI,2017,2.1,Central Puget Sound,Sinclair Inlet,Sinclair Inlet,-1,47.53085,-122.68514,2025,NA,Sinclair Inlet
SI,2018,0.73,Central Puget Sound,Sinclair Inlet,Sinclair Inlet,-1,47.53085,-122.68514,2025,NA,Sinclair Inlet
SI,2019,NA,Central Puget Sound,Sinclair Inlet,Sinclair Inlet,-1,47.53085,-122.68514,2025,NA,Sinclair Inlet
SI,2020,0.1,Central Puget Sound,Sinclair Inlet,Sinclair Inlet,-1,47.53085,-122.68514,2025,NA,Sinclair Inlet
SI,2021,2.6,Central Puget Sound,Sinclair Inlet,Sinclair Inlet,-1,47.53085,-122.68514,2025,NA,Sinclair Inlet
SI,2022,0.09,Central Puget Sound,Sinclair Inlet,Sinclair Inlet,-1,47.53085,-122.68514,2025,NA,Sinclair Inlet
SI,2023,2.41,Central Puget Sound,Sinclair Inlet,Sinclair Inlet,-1,47.53085,-122.68514,2025,NA,Sinclair Inlet
SI,2024,0.38,Central Puget Sound,Sinclair Inlet,Sinclair Inlet,-1,47.53085,-122.68514,2025,NA,Sinclair Inlet
SI,2025,0.57,Central Puget Sound,Sinclair Inlet,Sinclair Inlet,-1,47.53085,-122.68514,2025,NA,Sinclair Inlet
SIM,2014,NA,North Puget Sound,Similk Bay,Similk Bay,NA,48.44291,-122.57653,2022,NA,Similk Bay
SIM,2015,NA,North Puget Sound,Similk Bay,Similk Bay,NA,48.44291,-122.57653,2022,NA,Similk Bay
SIM,2016,NA,North Puget Sound,Similk Bay,Similk Bay,NA,48.44291,-122.57653,2022,NA,Similk Bay
SIM,2017,NA,North Puget Sound,Similk Bay,Similk Bay,NA,48.44291,-122.57653,2022,NA,Similk Bay
SIM,2018,NA,North Puget Sound,Similk Bay,Similk Bay,NA,48.44291,-122.57653,2022,NA,Similk Bay
SIM,2019,NA,North Puget Sound,Similk Bay,Similk Bay,NA,48.44291,-122.57653,2022,NA,Similk Bay
SIM,2020,0,North Puget Sound,Similk Bay,Similk Bay,NA,48.44291,-122.57653,2022,NA,Similk Bay
SIM,2021,NA,North Puget Sound,Similk Bay,Similk Bay,NA,48.44291,-122.57653,2022,NA,Similk Bay
SIM,2022,NA,North Puget Sound,Similk Bay,Similk Bay,NA,48.44291,-122.57653,2022,NA,Similk Bay
SIM,2023,NA,North Puget Sound,Similk Bay,Similk Bay,NA,48.44291,-122.57653,2022,NA,Similk Bay
SIM,2024,NA,North Puget Sound,Similk Bay,Similk Bay,NA,48.44291,-122.57653,2022,NA,Similk Bay
SIM,2025,NA,North Puget Sound,Similk Bay,Similk Bay,NA,48.44291,-122.57653,2022,NA,Similk Bay
SIMF,2014,NA,North Puget Sound,Similk Bay,Similk Farm,-1,48.44337,-122.57741,2025,NA,Swinomish Shellfish Farm
SIMF,2015,NA,North Puget Sound,Similk Bay,Similk Farm,-1,48.44337,-122.57741,2025,NA,Swinomish Shellfish Farm
SIMF,2016,NA,North Puget Sound,Similk Bay,Similk Farm,-1,48.44337,-122.57741,2025,NA,Swinomish Shellfish Farm
SIMF,2017,NA,North Puget Sound,Similk Bay,Similk Farm,-1,48.44337,-122.57741,2025,NA,Swinomish Shellfish Farm
SIMF,2018,NA,North Puget Sound,Similk Bay,Similk Farm,-1,48.44337,-122.57741,2025,NA,Swinomish Shellfish Farm
SIMF,2019,NA,North Puget Sound,Similk Bay,Similk Farm,-1,48.44337,-122.57741,2025,NA,Swinomish Shellfish Farm
SIMF,2020,NA,North Puget Sound,Similk Bay,Similk Farm,-1,48.44337,-122.57741,2025,NA,Swinomish Shellfish Farm
SIMF,2021,NA,North Puget Sound,Similk Bay,Similk Farm,-1,48.44337,-122.57741,2025,NA,Swinomish Shellfish Farm
SIMF,2022,0,North Puget Sound,Similk Bay,Similk Farm,-1,48.44337,-122.57741,2025,NA,Swinomish Shellfish Farm
SIMF,2023,0,North Puget Sound,Similk Bay,Similk Farm,-1,48.44337,-122.57741,2025,NA,Swinomish Shellfish Farm
SIMF,2024,0,North Puget Sound,Similk Bay,Similk Farm,-1,48.44337,-122.57741,2025,NA,Swinomish Shellfish Farm
SIMF,2025,0,North Puget Sound,Similk Bay,Similk Farm,-1,48.44337,-122.57741,2025,NA,Swinomish Shellfish Farm
SKA,2014,NA,North Puget Sound,Kiket Bay,Skagit Island,NA,48.4148,-122.57637,2020,NA,Skagit Island
SKA,2015,NA,North Puget Sound,Kiket Bay,Skagit Island,NA,48.4148,-122.57637,2020,NA,Skagit Island
SKA,2016,NA,North Puget Sound,Kiket Bay,Skagit Island,NA,48.4148,-122.57637,2020,NA,Skagit Island
SKA,2017,NA,North Puget Sound,Kiket Bay,Skagit Island,NA,48.4148,-122.57637,2020,NA,Skagit Island
SKA,2018,NA,North Puget Sound,Kiket Bay,Skagit Island,NA,48.4148,-122.57637,2020,NA,Skagit Island
SKA,2019,0,North Puget Sound,Kiket Bay,Skagit Island,NA,48.4148,-122.57637,2020,NA,Skagit Island
SKA,2020,0,North Puget Sound,Kiket Bay,Skagit Island,NA,48.4148,-122.57637,2020,NA,Skagit Island
SKA,2021,NA,North Puget Sound,Kiket Bay,Skagit Island,NA,48.4148,-122.57637,2020,NA,Skagit Island
SKA,2022,NA,North Puget Sound,Kiket Bay,Skagit Island,NA,48.4148,-122.57637,2020,NA,Skagit Island
SKA,2023,NA,North Puget Sound,Kiket Bay,Skagit Island,NA,48.4148,-122.57637,2020,NA,Skagit Island
SKA,2024,NA,North Puget Sound,Kiket Bay,Skagit Island,NA,48.4148,-122.57637,2020,NA,Skagit Island
SKA,2025,NA,North Puget Sound,Kiket Bay,Skagit Island,NA,48.4148,-122.57637,2020,NA,Skagit Island
SKO1,2014,NA,Hood Canal,Annas Bay,Skokomish Tideflats,NA,47.3462,-123.14012,2025,Blair Paul,Skokomish Tideflats
SKO1,2015,NA,Hood Canal,Annas Bay,Skokomish Tideflats,NA,47.3462,-123.14012,2025,Blair Paul,Skokomish Tideflats
SKO1,2016,NA,Hood Canal,Annas Bay,Skokomish Tideflats,NA,47.3462,-123.14012,2025,Blair Paul,Skokomish Tideflats
SKO1,2017,NA,Hood Canal,Annas Bay,Skokomish Tideflats,NA,47.3462,-123.14012,2025,Blair Paul,Skokomish Tideflats
SKO1,2018,NA,Hood Canal,Annas Bay,Skokomish Tideflats,NA,47.3462,-123.14012,2025,Blair Paul,Skokomish Tideflats
SKO1,2019,NA,Hood Canal,Annas Bay,Skokomish Tideflats,NA,47.3462,-123.14012,2025,Blair Paul,Skokomish Tideflats
SKO1,2020,NA,Hood Canal,Annas Bay,Skokomish Tideflats,NA,47.3462,-123.14012,2025,Blair Paul,Skokomish Tideflats
SKO1,2021,0.11,Hood Canal,Annas Bay,Skokomish Tideflats,NA,47.3462,-123.14012,2025,Blair Paul,Skokomish Tideflats
SKO1,2022,0.63,Hood Canal,Annas Bay,Skokomish Tideflats,NA,47.3462,-123.14012,2025,Blair Paul,Skokomish Tideflats
SKO1,2023,0.5,Hood Canal,Annas Bay,Skokomish Tideflats,NA,47.3462,-123.14012,2025,Blair Paul,Skokomish Tideflats
SKO1,2024,0.15,Hood Canal,Annas Bay,Skokomish Tideflats,NA,47.3462,-123.14012,2025,Blair Paul,Skokomish Tideflats
SKO1,2025,0.03,Hood Canal,Annas Bay,Skokomish Tideflats,NA,47.3462,-123.14012,2025,Blair Paul,Skokomish Tideflats
SKO2,2014,NA,Hood Canal,East Arm,Across From Twanoh,NA,47.39655,-122.97574,2025,NA,Belair Road
SKO2,2015,NA,Hood Canal,East Arm,Across From Twanoh,NA,47.39655,-122.97574,2025,NA,Belair Road
SKO2,2016,NA,Hood Canal,East Arm,Across From Twanoh,NA,47.39655,-122.97574,2025,NA,Belair Road
SKO2,2017,NA,Hood Canal,East Arm,Across From Twanoh,NA,47.39655,-122.97574,2025,NA,Belair Road
SKO2,2018,NA,Hood Canal,East Arm,Across From Twanoh,NA,47.39655,-122.97574,2025,NA,Belair Road
SKO2,2019,NA,Hood Canal,East Arm,Across From Twanoh,NA,47.39655,-122.97574,2025,NA,Belair Road
SKO2,2020,NA,Hood Canal,East Arm,Across From Twanoh,NA,47.39655,-122.97574,2025,NA,Belair Road
SKO2,2021,NA,Hood Canal,East Arm,Across From Twanoh,NA,47.39655,-122.97574,2025,NA,Belair Road
SKO2,2022,0,Hood Canal,East Arm,Across From Twanoh,NA,47.39655,-122.97574,2025,NA,Belair Road
SKO2,2023,0.43,Hood Canal,East Arm,Across From Twanoh,NA,47.39655,-122.97574,2025,NA,Belair Road
SKO2,2024,0.7,Hood Canal,East Arm,Across From Twanoh,NA,47.39655,-122.97574,2025,NA,Belair Road
SKO2,2025,1.13,Hood Canal,East Arm,Across From Twanoh,NA,47.39655,-122.97574,2025,NA,Belair Road
SMO,2014,NA,North Puget Sound,Drayton Harbor,Semiahmoo,NA,48.98607,-122.77435,2020,NA,Semiahmoo
SMO,2015,NA,North Puget Sound,Drayton Harbor,Semiahmoo,NA,48.98607,-122.77435,2020,NA,Semiahmoo
SMO,2016,NA,North Puget Sound,Drayton Harbor,Semiahmoo,NA,48.98607,-122.77435,2020,NA,Semiahmoo
SMO,2017,NA,North Puget Sound,Drayton Harbor,Semiahmoo,NA,48.98607,-122.77435,2020,NA,Semiahmoo
SMO,2018,NA,North Puget Sound,Drayton Harbor,Semiahmoo,NA,48.98607,-122.77435,2020,NA,Semiahmoo
SMO,2019,0,North Puget Sound,Drayton Harbor,Semiahmoo,NA,48.98607,-122.77435,2020,NA,Semiahmoo
SMO,2020,0,North Puget Sound,Drayton Harbor,Semiahmoo,NA,48.98607,-122.77435,2020,NA,Semiahmoo
SMO,2021,NA,North Puget Sound,Drayton Harbor,Semiahmoo,NA,48.98607,-122.77435,2020,NA,Semiahmoo
SMO,2022,NA,North Puget Sound,Drayton Harbor,Semiahmoo,NA,48.98607,-122.77435,2020,NA,Semiahmoo
SMO,2023,NA,North Puget Sound,Drayton Harbor,Semiahmoo,NA,48.98607,-122.77435,2020,NA,Semiahmoo
SMO,2024,NA,North Puget Sound,Drayton Harbor,Semiahmoo,NA,48.98607,-122.77435,2020,NA,Semiahmoo
SMO,2025,NA,North Puget Sound,Drayton Harbor,Semiahmoo,NA,48.98607,-122.77435,2020,NA,Semiahmoo
SQM1,2014,NA,Strait of Juan de Fuca,Sequim Bay,Sequimhead Jsk,-0.5,48.02663,-123.0032,2025,NA,Sequim Bay Head
SQM1,2015,NA,Strait of Juan de Fuca,Sequim Bay,Sequimhead Jsk,-0.5,48.02663,-123.0032,2025,NA,Sequim Bay Head
SQM1,2016,NA,Strait of Juan de Fuca,Sequim Bay,Sequimhead Jsk,-0.5,48.02663,-123.0032,2025,NA,Sequim Bay Head
SQM1,2017,NA,Strait of Juan de Fuca,Sequim Bay,Sequimhead Jsk,-0.5,48.02663,-123.0032,2025,NA,Sequim Bay Head
SQM1,2018,NA,Strait of Juan de Fuca,Sequim Bay,Sequimhead Jsk,-0.5,48.02663,-123.0032,2025,NA,Sequim Bay Head
SQM1,2019,1.52,Strait of Juan de Fuca,Sequim Bay,Sequimhead Jsk,-0.5,48.02663,-123.0032,2025,NA,Sequim Bay Head
SQM1,2020,0.62,Strait of Juan de Fuca,Sequim Bay,Sequimhead Jsk,-0.5,48.02663,-123.0032,2025,NA,Sequim Bay Head
SQM1,2021,0.22,Strait of Juan de Fuca,Sequim Bay,Sequimhead Jsk,-0.5,48.02663,-123.0032,2025,NA,Sequim Bay Head
SQM1,2022,0.03,Strait of Juan de Fuca,Sequim Bay,Sequimhead Jsk,-0.5,48.02663,-123.0032,2025,NA,Sequim Bay Head
SQM1,2023,2.93,Strait of Juan de Fuca,Sequim Bay,Sequimhead Jsk,-0.5,48.02663,-123.0032,2025,NA,Sequim Bay Head
SQM1,2024,0.23,Strait of Juan de Fuca,Sequim Bay,Sequimhead Jsk,-0.5,48.02663,-123.0032,2025,NA,Sequim Bay Head
SQM1,2025,0.28,Strait of Juan de Fuca,Sequim Bay,Sequimhead Jsk,-0.5,48.02663,-123.0032,2025,NA,Sequim Bay Head
SQM2,2014,NA,Strait of Juan de Fuca,Sequim Bay,Sequimbay2,NA,48.02771,-122.9993,2020,NA,Sequim Bay 2
SQM2,2015,NA,Strait of Juan de Fuca,Sequim Bay,Sequimbay2,NA,48.02771,-122.9993,2020,NA,Sequim Bay 2
SQM2,2016,NA,Strait of Juan de Fuca,Sequim Bay,Sequimbay2,NA,48.02771,-122.9993,2020,NA,Sequim Bay 2
SQM2,2017,NA,Strait of Juan de Fuca,Sequim Bay,Sequimbay2,NA,48.02771,-122.9993,2020,NA,Sequim Bay 2
SQM2,2018,NA,Strait of Juan de Fuca,Sequim Bay,Sequimbay2,NA,48.02771,-122.9993,2020,NA,Sequim Bay 2
SQM2,2019,1,Strait of Juan de Fuca,Sequim Bay,Sequimbay2,NA,48.02771,-122.9993,2020,NA,Sequim Bay 2
SQM2,2020,2.37,Strait of Juan de Fuca,Sequim Bay,Sequimbay2,NA,48.02771,-122.9993,2020,NA,Sequim Bay 2
SQM2,2021,NA,Strait of Juan de Fuca,Sequim Bay,Sequimbay2,NA,48.02771,-122.9993,2020,NA,Sequim Bay 2
SQM2,2022,NA,Strait of Juan de Fuca,Sequim Bay,Sequimbay2,NA,48.02771,-122.9993,2020,NA,Sequim Bay 2
SQM2,2023,NA,Strait of Juan de Fuca,Sequim Bay,Sequimbay2,NA,48.02771,-122.9993,2020,NA,Sequim Bay 2
SQM2,2024,NA,Strait of Juan de Fuca,Sequim Bay,Sequimbay2,NA,48.02771,-122.9993,2020,NA,Sequim Bay 2
SQM2,2025,NA,Strait of Juan de Fuca,Sequim Bay,Sequimbay2,NA,48.02771,-122.9993,2020,NA,Sequim Bay 2
SQX1,2014,NA,South Puget Sound,Squaxin Island,Palela Bay,-1.5,47.21307,-122.91338,2025,previous shell enhancement,Palela Bay
SQX1,2015,NA,South Puget Sound,Squaxin Island,Palela Bay,-1.5,47.21307,-122.91338,2025,previous shell enhancement,Palela Bay
SQX1,2016,NA,South Puget Sound,Squaxin Island,Palela Bay,-1.5,47.21307,-122.91338,2025,previous shell enhancement,Palela Bay
SQX1,2017,NA,South Puget Sound,Squaxin Island,Palela Bay,-1.5,47.21307,-122.91338,2025,previous shell enhancement,Palela Bay
SQX1,2018,NA,South Puget Sound,Squaxin Island,Palela Bay,-1.5,47.21307,-122.91338,2025,previous shell enhancement,Palela Bay
SQX1,2019,0,South Puget Sound,Squaxin Island,Palela Bay,-1.5,47.21307,-122.91338,2025,previous shell enhancement,Palela Bay
SQX1,2020,0.03,South Puget Sound,Squaxin Island,Palela Bay,-1.5,47.21307,-122.91338,2025,previous shell enhancement,Palela Bay
SQX1,2021,NA,South Puget Sound,Squaxin Island,Palela Bay,-1.5,47.21307,-122.91338,2025,previous shell enhancement,Palela Bay
SQX1,2022,NA,South Puget Sound,Squaxin Island,Palela Bay,-1.5,47.21307,-122.91338,2025,previous shell enhancement,Palela Bay
SQX1,2023,0.08,South Puget Sound,Squaxin Island,Palela Bay,-1.5,47.21307,-122.91338,2025,previous shell enhancement,Palela Bay
SQX1,2024,0.08,South Puget Sound,Squaxin Island,Palela Bay,-1.5,47.21307,-122.91338,2025,previous shell enhancement,Palela Bay
SQX1,2025,0,South Puget Sound,Squaxin Island,Palela Bay,-1.5,47.21307,-122.91338,2025,previous shell enhancement,Palela Bay
SQX2,2014,NA,South Puget Sound,Squaxin Island,Bc1,-1.5,47.1952,-122.9181,2025,previous shell enhancement,Squaxin Island East
SQX2,2015,NA,South Puget Sound,Squaxin Island,Bc1,-1.5,47.1952,-122.9181,2025,previous shell enhancement,Squaxin Island East
SQX2,2016,NA,South Puget Sound,Squaxin Island,Bc1,-1.5,47.1952,-122.9181,2025,previous shell enhancement,Squaxin Island East
SQX2,2017,NA,South Puget Sound,Squaxin Island,Bc1,-1.5,47.1952,-122.9181,2025,previous shell enhancement,Squaxin Island East
SQX2,2018,NA,South Puget Sound,Squaxin Island,Bc1,-1.5,47.1952,-122.9181,2025,previous shell enhancement,Squaxin Island East
SQX2,2019,0,South Puget Sound,Squaxin Island,Bc1,-1.5,47.1952,-122.9181,2025,previous shell enhancement,Squaxin Island East
SQX2,2020,0,South Puget Sound,Squaxin Island,Bc1,-1.5,47.1952,-122.9181,2025,previous shell enhancement,Squaxin Island East
SQX2,2021,0.11,South Puget Sound,Squaxin Island,Bc1,-1.5,47.1952,-122.9181,2025,previous shell enhancement,Squaxin Island East
SQX2,2022,NA,South Puget Sound,Squaxin Island,Bc1,-1.5,47.1952,-122.9181,2025,previous shell enhancement,Squaxin Island East
SQX2,2023,0,South Puget Sound,Squaxin Island,Bc1,-1.5,47.1952,-122.9181,2025,previous shell enhancement,Squaxin Island East
SQX2,2024,0,South Puget Sound,Squaxin Island,Bc1,-1.5,47.1952,-122.9181,2025,previous shell enhancement,Squaxin Island East
SQX2,2025,0,South Puget Sound,Squaxin Island,Bc1,-1.5,47.1952,-122.9181,2025,previous shell enhancement,Squaxin Island East
TUR,2014,NA,North Puget Sound,Similk Bay,Turners Bay,-1,48.44533,-122.5507,2025,NA,Turners Bay
TUR,2015,NA,North Puget Sound,Similk Bay,Turners Bay,-1,48.44533,-122.5507,2025,NA,Turners Bay
TUR,2016,NA,North Puget Sound,Similk Bay,Turners Bay,-1,48.44533,-122.5507,2025,NA,Turners Bay
TUR,2017,NA,North Puget Sound,Similk Bay,Turners Bay,-1,48.44533,-122.5507,2025,NA,Turners Bay
TUR,2018,NA,North Puget Sound,Similk Bay,Turners Bay,-1,48.44533,-122.5507,2025,NA,Turners Bay
TUR,2019,NA,North Puget Sound,Similk Bay,Turners Bay,-1,48.44533,-122.5507,2025,NA,Turners Bay
TUR,2020,NA,North Puget Sound,Similk Bay,Turners Bay,-1,48.44533,-122.5507,2025,NA,Turners Bay
TUR,2021,NA,North Puget Sound,Similk Bay,Turners Bay,-1,48.44533,-122.5507,2025,NA,Turners Bay
TUR,2022,0,North Puget Sound,Similk Bay,Turners Bay,-1,48.44533,-122.5507,2025,NA,Turners Bay
TUR,2023,0,North Puget Sound,Similk Bay,Turners Bay,-1,48.44533,-122.5507,2025,NA,Turners Bay
TUR,2024,0,North Puget Sound,Similk Bay,Turners Bay,-1,48.44533,-122.5507,2025,NA,Turners Bay
TUR,2025,0,North Puget Sound,Similk Bay,Turners Bay,-1,48.44533,-122.5507,2025,NA,Turners Bay
